Reporter Name,Partner Name,Trade Flow,Product Group,Indicator,1988,1989,1990,1991,1992,1993,1994,1995,1996,1997,1998,1999,2000,2001,2002,2003,2004,2005,2006,2007,2008,2009,2010,2011,2012,2013,2014,2015,2016,2017,2018,2019,2020,2021
Australia,Algeria,Import,  All Products,Import (US$ Thousand),96.23,4898.309,4754.329,,45.661,6537.333,0.774,56.154,55.199,31.175,510.798,84.547,3913.48,1344.927,36142.9,5.436,12.632,9.761,37263.58,134614.978,218744.444,122733.857,139074.976,291048.052,68.585,78875.423,1965.374,60.226,238592.451,336048.034,562467.0144,622229.0887,117508.8656,129618.3148
Australia,Antigua and Barbuda,Import,  All Products,Import (US$ Thousand),,,,4.329,,,,,,5.452,,,40.537,1.599,0.81,1.104,6.051,13.882,103.765,255.201,760.853,243.96,241.813,569.234,414.151,12.713,65.182,1349.252,645.08,2626.94257,2910.5731,443.1203654,110.0252634,88.81099378
Australia,"Bahamas, The",Import,  All Products,Import (US$ Thousand),3944.571,4829.331,4261.395,3004.674,3493.081,2231.022,1536.997,3421.152,931.296,3180.516,4415.513,6192.723,4580.712,1562.514,1715.001,1902.252,1949.604,3296.541,3341.517,2359.026,2513.134,2281.007,2118.263,2461.558,3320.388,5456.864,4978.186,13301.642,1897.187,4070.470886,4349.954696,2059.942455,1126.795716,41.56692559
Australia,Belize,Import,  All Products,Import (US$ Thousand),,,,2.006,66.216,,,,,42.368,22.007,18.825,80.358,20.124,101.543,77.263,59.984,234.939,2032.777,2142.263,1044.074,2284.897,1322.034,3195.068,1466.254,2876.901,2100.674,1449.964,599.845,1257.418719,707.5455285,2402.417128,4373.206412,3469.074851
Australia,Botswana,Import,  All Products,Import (US$ Thousand),,,,,,,,,,,,,25.257,3.957,8.911,17.336,55.208,65.771,35.629,43.575,65.77,31.936,26.37,620.683,38.59,650.933,10.083,37.548,803.889,6339.916156,186.7717264,395.0478149,961.8927824,9065.992318
Australia,Canada,Import,  All Products,Import (US$ Thousand),721084.164,881163.004,750130.162,600766.711,596415.088,674463.074,793442.166,1085938.668,1100975.473,895634.735,952940.361,1026344.419,1170330.831,967644.072,1013535.599,1252703.324,1448948.861,1530376.92,1791961.821,1861517.914,2384216.111,1585440.673,1731115.58,1823136.59,2375969.997,1921262.38,1835919.504,1668497.346,1563705.755,1719364.815,1700361.439,1946244.33,1752386.298,1912464.005
Australia,Cape Verde,Import,  All Products,Import (US$ Thousand),,,,,,,302.326,,,,,,,1.376,0.447,1.138,,,140.989,13.455,18.293,245.63,139.497,757.599,803.278,146.337,139.36,193.939,86.505,240.0115745,70.21219824,51.98803481,26.26841182,56.81905141
Australia,Czech Republic,Import,  All Products,Import (US$ Thousand),,,,,,32858.578,39918.77,37985.481,41405.344,35207.593,34664.788,44402.185,47886.917,39784.557,63623.495,85301.375,130037.859,148014.372,164758.893,207323.612,337843.789,197747.416,258891.901,382578.892,440028.146,614607.899,551304.06,630244.084,561029.98,572987.9404,552320.8035,558703.2507,538612.8519,708899.0147
Australia,Czechoslovakia,Import,  All Products,Import (US$ Thousand),35565.446,40466.442,30983.706,27118.772,29531.535,,,,,,,,,,,,,,,,,,,,,,,,,,,,,
Australia,"Egypt, Arab Rep.",Import,  All Products,Import (US$ Thousand),2181.48,3469.786,2621.755,1957.086,3751.726,3304.265,4415.613,6514.533,8375.096,9418.709,8067.403,8816.253,9757.435,7438.811,17524.937,10754.305,27188.961,12003.228,14820.317,16911.46,21403.041,30319.209,25564.358,52413.041,57785.831,24629.081,34779.4,25461.621,24910.511,41081.26371,43759.88358,37823.36696,51194.61779,46863.38643
Australia,Guinea-Bissau,Import,  All Products,Import (US$ Thousand),,,,,,1.36,,,,,,,,,,,,2.403,,,,3.381,,1.674,,,1.833,1.108,,2.89473752,2.009848743,2.769038435,,11.11620362
Australia,Guyana,Import,  All Products,Import (US$ Thousand),425.17,579.021,716.099,392.912,351.823,1050.5,472.542,1163.384,60.602,505.756,527.308,693.943,468.549,1026.627,401.251,228.099,945.681,1453.261,1106.084,1081.501,1097.329,1140.793,873.214,733.295,725.874,424.206,372.674,268.083,291.888,412.2566231,226.139323,348.7077487,406.6895023,383.8152918
Australia,"Iran, Islamic Rep.",Import,  All Products,Import (US$ Thousand),14044.585,8599.621,7701.045,10621.505,8180.144,10540.251,12943.733,15426.81,22136.873,18645.817,14351.371,17849.562,18874.223,14653.868,21792.147,36955.538,21865.092,27690.248,31330.243,32807.129,105970.415,38581.079,181184.791,65268.305,28776.736,23208.099,30067.687,24303.155,64106.22,35976.5597,49897.20686,17804.1562,19055.61165,25090.45146
Australia,Italy,Import,  All Products,Import (US$ Thousand),1008245.172,1209930.699,1150605.695,990090.346,947158.55,962120.145,1334538.057,1593134.388,1794009.087,1735077.998,1763438.523,1863187.792,1936854.207,1888260.217,2187458.615,2831089.019,3425703.022,3510013.264,3564906.606,4268608.674,4747998.995,3975279.387,4707391.061,5180805.183,5535815.014,5536386.463,5447721.765,4351358.239,4397576.701,4923085.245,5438785.174,5093025.962,4820034.623,5885524.226
Australia,Jamaica,Import,  All Products,Import (US$ Thousand),506.892,394.988,505.654,482.703,443.126,311.116,563.78,424.029,506.556,742.179,655.702,741.864,751.117,1528.957,3517.407,1009.076,1341.334,1192.109,1408.724,1208.921,1336.635,1286.37,1229.115,1576.154,1496.799,1027.89,1415.639,1415.056,1646.201,1337.312839,1122.613596,1410.02994,1141.675285,1817.62933
Australia,Kuwait,Import,  All Products,Import (US$ Thousand),78154.161,81591.57,81572.057,3087.132,34970.874,27906.478,31059.115,32534.635,47149.476,31347.138,19625.803,9314.898,96300.789,66392.356,94719.827,94203.823,87720.59,193334.543,171056.625,257451.687,429090.628,50701.675,350537.753,442263.64,479358.146,102940.279,89494.207,8989.525,14896.092,34538.75621,42313.44414,21354.86094,323.4000907,587.0034674
Australia,Lao PDR,Import,  All Products,Import (US$ Thousand),216.111,193.103,40.126,61.43,9.595,21.39,21.127,108.99,215.66,75.375,206.802,408.282,535.179,1016.979,321.445,340.835,471.691,6821.662,18422.32,5206.822,781.882,1644.134,2004.291,6187.665,45876.694,50647.697,2222.032,2817.127,8462.807,12207.46249,17433.95847,17911.24651,90547.74509,359887.0609
Australia,Bahrain,Import,  All Products,Import (US$ Thousand),29518.358,17127.11,10377.709,10728.592,4048.805,8563.696,4117.852,4480.653,10932.527,18968.415,17159.542,25064.817,29681.886,27673.775,38875.06,75837.02,108331.309,99226.282,97857.901,132292.636,196093.657,70627.353,44452.594,111822.495,69915.567,72889.862,62791.14,,44534.597,72092.31237,75136.45863,62667.69456,95270.2225,95053.61505
Australia,British Indian Ocean Ter.,Import,  All Products,Import (US$ Thousand),,,,,,,,,,,,1.674,,,,,2.435,,,439.464,9.903,205.42,,6.794,4.523,8.509,3.785,6.157,9.434,,14.16946928,,,
Australia,Comoros,Import,  All Products,Import (US$ Thousand),12.325,7.884,7.29,2.252,2.056,3.783,27.334,20.665,52.593,15.348,12.482,8.325,180.961,4.845,8.565,,,,2.651,,1.307,3.306,20.114,8.59,,209.205,289.765,39.708,10.947,24.39066444,50.49089657,7.535433048,53.00705072,112.9994952
Australia,"Congo, Rep.",Import,  All Products,Import (US$ Thousand),,60.043,17.69,,,,36.983,56.253,147.434,43011.795,7509.039,15900.021,86.162,124.025,172.114,111.78,87.62,3394.148,227.693,66468.486,136.849,64.292,191240.575,705567.018,926969.282,910259.393,781885.206,97034.702,200288.109,254102.7386,403758.8318,62343.2815,38172.48102,208401.6583
Australia,Djibouti,Import,  All Products,Import (US$ Thousand),,,10.863,,,,,,,,,,0.802,,,,3.274,56.808,170.623,100.839,221.8,140.251,110.88,356.303,527.769,386.029,320.738,858.38,864.565,1461.648339,1476.866452,1349.882622,373.1288202,744.9042775
Australia,Dominica,Import,  All Products,Import (US$ Thousand),,,,,,35.755,,1.738,14.027,13.888,221.074,43.763,140.717,145.072,112.998,32.392,12.798,35.18,366.838,346.007,3338.153,280.608,334.477,472.952,620.06,263.623,280.074,259.071,210.239,70.89490694,523.8043334,376.0566748,69.43936334,80.3442288
Australia,Dominican Republic,Import,  All Products,Import (US$ Thousand),47.541,158.855,283.344,159.055,335.207,548.709,567.258,767.203,601.209,1167.088,1429.052,1996.721,1718.466,3728.259,3091.618,2670.357,4372.065,9185.658,15227.755,19568.081,18166.014,16054.988,20679.74,20990.24,25514.245,27663.983,27820.614,26860.563,55747.192,49382.28378,37664.16451,38424.4455,43896.47785,52189.9445
Australia,El Salvador,Import,  All Products,Import (US$ Thousand),30.883,62.618,362.35,602.035,338.125,86.307,307.522,670.507,824.871,295.747,392.62,935.354,630.026,341.256,1130.184,757.912,682.138,1416.515,2735.804,2547.704,2497.481,3782.365,4371.925,6067.748,8804.208,8900.159,18113.648,17573.022,7861.704,8607.639853,8540.377184,7869.250173,6468.66834,9839.020452
Australia,German Democratic Republic,Import,  All Products,Import (US$ Thousand),5216.388,,,,,,,,,,,,,,,,,,,,,,,,,,,,,,,,,
Australia,Ghana,Import,  All Products,Import (US$ Thousand),1914.79,142.876,134.787,302.793,1029.248,1037.226,1468.314,2370.838,4004.276,4767.747,4682.187,3930.539,3581.015,2198.68,2812.056,2908.683,3680.883,5316.037,7813.84,7420.633,9152.385,4140.271,7622.558,7304.902,7253.587,6007.635,124161.711,6785.078,7531.075,6237.362706,3647.776619,21941.20245,187432.7781,196317.9996
Australia,Greece,Import,  All Products,Import (US$ Thousand),32231.038,68233.017,44530.827,36037.826,36798.99,31938.144,36182.401,48721.763,62001.45,58811.608,55151.48,61839.794,64141.077,58059.568,232422.586,96915.373,106250.998,116931.88,121279.244,138022.749,155059.374,127568.178,151846.521,153605.181,175164.446,164003.413,184660.298,150662.62,157427.452,185370.4868,207894.4926,219497.1904,260935.5028,284796.1127
Australia,Guadeloupe,Import,  All Products,Import (US$ Thousand),0.575,,89.367,739.854,509.575,252.853,5.379,17.268,,,,,,,,,,,,,,,,,,,,,,,,,,
Australia,Iraq,Import,  All Products,Import (US$ Thousand),139.304,153.612,148.93,,,,,,,12012.566,32575.398,86741.299,78237.145,,21194.123,11.65,4817.851,14.514,28321.534,1.083,48470.57,10.529,,114.191,6.731,7.647,440.727,64.799,66.916,38.75418206,186.9208128,74.11007896,118.943031,513.6013281
Australia,Liberia,Import,  All Products,Import (US$ Thousand),,,103.309,5.025,,,,136.908,1.561,3.112,5.808,1.02,0.697,3.132,,5.338,4.275,0.903,7.684,68.684,26.279,107.581,68.34,22.569,229.715,101.97,352.251,17.838,39.912,428.1177562,57.73829037,9.861637219,14.4545208,34.26314496
Australia,Libya,Import,  All Products,Import (US$ Thousand),,0.62,1.068,,,,,7.938,18.279,,,,,1.22,3.476,,,33259.259,2.346,,14.353,39948.216,334913.967,205513.398,1158344.323,734727.597,65.895,0.791,2.088,43732.88247,568547.8948,361407.0154,36993.2928,273674.4533
Australia,Madagascar,Import,  All Products,Import (US$ Thousand),57,161.48,249.652,246.702,307.859,190.115,363.895,533.05,613.425,613.637,562.489,662.81,1030.238,1192.24,1053.769,721.123,315.786,876.788,456.418,471.567,656.022,1348.632,410.483,1186.301,2372.197,4078.28,4838.238,5355.279,7466.151,15006.61881,24457.22061,18888.63495,13496.86115,15782.52392
Australia,Mali,Import,  All Products,Import (US$ Thousand),58.723,4.136,331.283,1.014,16.386,165.844,0.669,45.634,116.629,142.101,449.716,56.908,170.587,479.437,693.173,918.886,427.145,7051.547,14728.75,8568.164,4234.81,2739.677,6275.398,2337.358,1662.282,1412.537,20347.732,4181.937,3190.442,854.4006394,259.3019475,371.3179596,282111.5768,332493.2495
Australia,Moldova,Import,  All Products,Import (US$ Thousand),,,,,2.319,331.138,30.439,137.446,,1.855,1.341,,988.75,119.648,64.763,147.555,120.627,335.38,395.165,446.59,674.444,437.105,704.389,839.571,1953.306,1568.582,1271.964,1112.235,917.195,1649.104533,1813.61453,2456.805209,3220.12229,2531.778438
Australia,Argentina,Import,  All Products,Import (US$ Thousand),41170.679,121647.818,77626.608,51226.774,44390.756,66900.41,43208.616,54879.888,67926.364,61795.651,46622.986,50671.947,57636.915,89218.483,103935.475,135437.402,134895.271,170604.588,136865.443,249429.208,347839.93,319354.149,296666.316,567573.291,650314.829,783934.89,695322.884,622793.504,495975.225,611821.0262,583739.5535,593168.4654,552943.5667,661588.2515
Australia,Benin,Import,  All Products,Import (US$ Thousand),,1760.428,,,,,,,,,,,1.058,0.816,,0.54,,1.741,9.757,,,,,,,1.525,165.963,,6.181,26.1057904,18.05220447,11.45399004,,
Australia,Burundi,Import,  All Products,Import (US$ Thousand),158.298,10.238,,,,,,,,,,,3.896,120.642,60.482,51.917,0.767,0.887,284.674,,4.914,60.783,,20.364,305.483,197.522,327.15,534.061,373.203,205.3731933,774.6804609,860.4956347,539.2573671,528.6157172
Australia,Cambodia,Import,  All Products,Import (US$ Thousand),20.087,,0.687,44.37,128.577,261.98,434.488,351.227,620.785,1258.872,492.986,848.2,1407.976,2235.793,1745.576,2818.721,3496.573,6855.521,9585.042,16882.561,13085.479,20425.922,26112.734,39265.837,48253.541,76640.299,107521.789,121613.191,158733.876,137054.7969,140465.9737,192932.1285,218829.9735,273862.8058
Australia,Chad,Import,  All Products,Import (US$ Thousand),,,,4.494,,,,,,,2.836,,12.427,,,52.705,11.413,27.704,25.147,39.022,,38.224,1.735,4.458,,,102.472,92.443,19.029,24.39198329,57.35957295,71.22840565,316.2858415,13.90480964
Australia,China,Import,  All Products,Import (US$ Thousand),679771.58,939820.921,1030373.036,1333224.208,1688217.04,1957453.351,2441058.951,2825025.86,3188833.773,3475577.52,3626080.044,4239364.017,5568963.786,5625307.52,7332895.992,9832372.563,14073256.13,17341183.14,20327744.31,25898023.4,31588260.66,29211722.24,38004358.37,43447909.79,45996260.7,44861052.38,46854594.14,46292722.37,44241021.65,49971610.46,57102168.77,56448232.59,60208016.26,72858757.97
Australia,Cook Islands,Import,  All Products,Import (US$ Thousand),51.088,74.122,273.204,294.893,57.433,102.802,472.955,1067.393,455.029,1107.628,1000.762,698.789,2533.727,1847.81,2078.766,791.355,217.548,500.967,340.843,115.838,68.801,81.577,182.569,132.98,117.323,397.032,462.578,919.677,480.738,153.6391282,380.5762042,148.1011804,367.1638223,84.56832022
Australia,Cuba,Import,  All Products,Import (US$ Thousand),820.152,816.533,837.873,361.674,292.951,428.069,3034.766,3353.515,2120.163,2828.114,2544.328,2757.676,3712.661,4245.591,5194.704,3098.621,3106.433,3445.958,6876.94,7630.428,6078.387,5544.534,4458.574,6108.415,6628.699,7310.301,8038.821,9399.776,8533.375,9707.318148,9014.956856,8840.975802,6398.431825,8712.395979
Australia,Curaçao,Import,  All Products,Import (US$ Thousand),,,,,,,,,,,,,,,,,,,,,,,,1074.324,1815.226,685.683,532.575,569.166,254.511,19479.32154,308.3705393,110.5166834,207.0025925,103.6560334
Australia,Ecuador,Import,  All Products,Import (US$ Thousand),3548.111,2982.797,2155.031,2524.27,2240.466,1694.262,2104.28,1728.71,1554.746,1343.388,1448.559,1627.232,2140.793,1881.56,1903.84,3283.957,4792.443,5220.303,10287.128,14110.272,13636.388,13430.039,18378.778,18133.169,19943.884,19497.122,19654.103,26253.903,22141.424,28317.12321,24462.41098,22876.85732,17165.81115,21526.25001
Australia,Equatorial Guinea,Import,  All Products,Import (US$ Thousand),,,,,,,,,,,,,,,,24.75,4.766,10.051,,9.672,52.713,35.805,32.177,11.337,7.873,29385.584,31083.4,36164.992,64616.586,21687.25908,,,,0.880152225
Australia,Eritrea,Import,  All Products,Import (US$ Thousand),,,,,,,,,,,,,196.328,39.857,2.66,1.223,28.033,318.827,623.851,75.324,6.024,3.248,21.093,67.801,2.627,,4.319,155.612,23.498,35.5306568,20.00470466,20.46201976,4.508297294,446.2769311
Australia,Free Zones,Import,  All Products,Import (US$ Thousand),,,,,,29667.152,39246.122,46517.231,117522.169,225887.245,203565.084,,,,,,,,,,,,,,,,,,,,,,,
Australia,Germany,Import,  All Products,Import (US$ Thousand),2199979.636,2472785.097,2515164.982,2326608.035,2323022.428,2414126.212,2946358.617,3770337.168,3600773.435,3362850.116,3564337.068,3668180.659,3582934.728,3617826.795,4183636.282,5459211.08,6275615.599,6935907.523,7071564.21,8514043.513,10003689.06,8623970.189,10017221.37,10952151.83,11628403.42,10937428.85,10706487.53,9275084.622,10079657.77,10767694.33,11537626.07,10447319.55,9711922.563,11185263.35
Australia,India,Import,  All Products,Import (US$ Thousand),183853.633,208816.372,216132.557,199620.404,235112.524,270565.4,348780.856,408627.7,438112.204,464626.599,420006.187,431021.005,452753.101,445302.06,541361.466,675884.557,885286.396,995383.05,1023493.892,1296619.254,1642097.643,1667570.48,1912248.955,2297365.048,2677046.708,2282312.905,2768026.305,3580674.228,3253179.966,4011527.182,4215715.168,3342923.429,3850120.266,6369245.559
Australia,Ireland,Import,  All Products,Import (US$ Thousand),152990.956,137841.5,132076.671,147207.862,176548.393,192799.787,241945.802,345892.097,341598.234,494414.249,602422.26,623354.1,602191.717,674195.495,860631.811,1080818.136,1358128.804,1521366.894,1409687.146,1822415.439,1932377.71,1881984.866,2155159.235,2187862.381,1641359.118,1463797.256,1417786.298,1561567.785,2024156.962,1402395.539,1479376.619,1340394.229,1387385.828,1629248.652
Australia,Latvia,Import,  All Products,Import (US$ Thousand),,,,,113.376,450.849,684.202,696.434,712.254,881.35,811.864,724.137,1626.58,1813.781,1382.951,1356.105,1204.623,2773.44,3768.511,3854.92,3077.827,3348.382,4274.289,5437.506,7327.07,10806.586,15512.536,16031.301,13462.018,16546.4773,54594.54859,26077.49637,47344.27049,44745.70025
Australia,Maldives,Import,  All Products,Import (US$ Thousand),,1.909,123.112,6.904,0.532,50.964,,,44.725,0.764,28.077,44.821,33.568,26.497,36.65,53.027,44.026,121.053,645.696,658.023,41.568,311.624,863.208,395.661,1938.003,927.067,750.165,548.449,1157.819,1729.441188,3270.636961,2944.778472,1724.565672,87.97058693
Australia,American Samoa,Import,  All Products,Import (US$ Thousand),,,,,,,,,,,,,2754.203,2493.941,2480.38,1729.44,3043.922,2832.97,4974.161,8141.673,6036.768,8043.301,8373.945,8572.779,13435.862,7751.727,12878.595,10654.621,9797.577,10888.90849,7268.063615,11116.45215,8047.904992,7139.050669
Australia,Austria,Import,  All Products,Import (US$ Thousand),114447.116,138579.803,160836.806,147315.568,160936.219,152617.87,168545.128,220503.264,306739.127,308566.443,292453.277,309975.095,327795.819,276586.309,376454.475,523518.578,640881.962,775530.516,798605.23,884081.002,997088.188,836940.38,881619.349,827035.739,892337.762,867992.533,934362.237,840180.507,1071687.743,1257032.75,1478991.917,1340082.293,1140853.407,1462026.819
Australia,Azerbaijan,Import,  All Products,Import (US$ Thousand),,,,,,,471.132,376.874,356.178,90.756,,34.94,3.693,,,5.569,7.268,14.768,9.981,30.889,85.095,120840.894,137107.683,86796.47,86932.96,276038.083,76823.08,73.708,208.222,320.472951,57835.03657,110.7935497,109530.1724,42526.28984
Australia,Bangladesh,Import,  All Products,Import (US$ Thousand),19442.961,16807.555,20194.18,19791.741,13945.853,13102.395,15808.819,18328.439,16973.917,36736.326,27722.814,26659.814,46428.416,27659.435,27866.689,31718.801,37747.424,39008.529,31671.946,35183.678,49498.195,124514.96,140517.942,250948.013,387157.152,447817.447,502176.358,635556.928,659789.433,663163.1949,735317.9628,798688.2563,747852.4062,934669.1169
Australia,Belarus,Import,  All Products,Import (US$ Thousand),,,,,0.544,422.375,488.068,972.95,907.194,256.133,105.357,198.37,860.76,861.08,1165.978,658.659,558.946,3712.819,32114.632,9608.435,13068.428,8727.798,4368.186,3691.984,5913.983,5103.619,2974.715,2793.653,2292.823,4136.331513,18575.77993,23320.46761,31558.57728,9784.836191
Australia,Bhutan,Import,  All Products,Import (US$ Thousand),,,,,,,,,,,5.204,2.418,0.254,0.155,4.701,149.683,146.401,5.102,2.929,3.054,13.088,,51.899,55.997,200.85,523.516,174.175,304.672,774.816,913.8401847,1475.988486,1166.737947,0.98567518,161.1116215
Australia,Cameroon,Import,  All Products,Import (US$ Thousand),45.459,915.304,1096.429,353.968,108.04,121.972,351.076,272.673,457.92,430.137,323.473,192.018,241.085,329.2,177.153,462.7,506.254,963.564,665.17,1173.015,1624.119,1750.483,1172.471,3801.006,993.447,566.879,597.136,660.347,568.986,713.8407565,1211.112486,456.882331,996.4124793,1047.877684
Australia,Central African Republic,Import,  All Products,Import (US$ Thousand),,,21.125,,110.206,6.551,4.087,,,,,,0.676,0.818,6.833,0.215,2.09,65.257,60.91,41.719,,2.214,26.162,11.194,8.184,11.727,,140.826,2.826,163.3845395,8.7800308,67.48761636,119.108289,6.365847001
Australia,Cocos (Keeling) Islands,Import,  All Products,Import (US$ Thousand),23.094,,59.199,5.412,4.167,1.073,5.112,606.913,,1856.945,,2.96,6.004,53.824,22.345,0.753,2.239,27.868,41.717,56.864,5.747,26.079,102.965,116.304,230.936,242.66,289.755,71.47,55.127,96.42037271,73.2239536,235.0605242,638.7281701,66.62840535
Australia,"Congo, Dem. Rep.",Import,  All Products,Import (US$ Thousand),284.765,195.19,455.14,634.11,181.574,434.052,409.189,884.636,230.26,105.34,11.635,35.811,29.779,0.218,19.779,30.712,21.57,188.801,86.41,396.213,93.394,98.851,12080.044,89.3,6031.4,2630.734,144.065,201.946,177.845,295.0664723,64.09855908,470.5206829,150.7285757,65.87274229
Australia,Costa Rica,Import,  All Products,Import (US$ Thousand),1328.409,1380.938,878.795,1607.298,767.182,1564.369,3350.915,4478.94,4840.135,5404.426,8402.791,20304.536,12340.064,7213.8,7921.754,13721.054,22527.583,22596.888,36559.523,51192.413,101127.686,74561.825,104511.007,133971.405,151472.522,129927.348,121460.011,83518.298,85151.166,93484.42746,98438.00027,92068.70313,102218.7961,132099.0588
Australia,Croatia,Import,  All Products,Import (US$ Thousand),,,,,5437.664,6566.748,6031.351,6283.437,5466.227,5507.287,5001.837,5680.988,6151.313,4670.081,6500.521,8998.645,14966.599,17480.685,14122.989,15948.976,18579.211,33817.474,28390.2,24870.472,33812.864,23324.536,21315.79,18878.659,23220.858,28915.77353,30479.2018,29907.07815,30539.28535,33771.0562
Australia,Guinea,Import,  All Products,Import (US$ Thousand),475.309,,,,,,,0.836,3.181,3.643,4.376,0.903,7.968,3.723,6.035,12.367,8.337,13.42,22.644,47.517,61.132,1109.732,943.053,1003.849,268.207,362.457,136.327,187.53,77.94,73.61692113,209.2523388,63.12002423,96.98308236,125.9103055
Australia,Japan,Import,  All Products,Import (US$ Thousand),6549631.827,7984626.744,7151755.598,6634260.795,7224098.863,7977474.477,8777469.693,8722929.727,7858626.743,8366563.154,8239439.341,8653594.28,9413281.646,8344980.163,9062528.863,11131502.86,12881767.61,13765147.42,13711753.99,15907701.09,18049342.72,13476040.13,17526279.44,18577828.6,19712940.86,17946305.29,15478594.69,14793098.32,14593655.14,16523672.76,17294608.24,15375710.92,12546587.28,15778718.86
Australia,Jordan,Import,  All Products,Import (US$ Thousand),1903.205,2149.253,2750.01,1551.449,4222.879,9198.346,16567.106,11028.907,14231.754,23380.919,22190.571,9495.184,2123.982,3906.93,1311.778,2030.315,2135.447,3347.616,2376.541,3318.734,15407.998,4376.664,6853.183,9268.244,10315.977,11560.151,23560.407,29073.28,22316.096,16238.09251,43091.98435,44757.89499,31662.86306,61581.61895
Australia,"Korea, Rep.",Import,  All Products,Import (US$ Thousand),786860.825,957147.145,876087.896,937500.378,1077377.363,1222499.274,1243342.224,1606200.878,1765770.534,2119081.777,2567354.091,2453631.425,2936882.11,2516281.04,2716634.178,3227695.491,3805348.294,4148449.571,5451303.5,5227401.768,5730763.481,5293359.763,6889100.196,7352557.482,10201261.84,9422431.785,10614475.07,10895840.48,8099729.825,15892262.74,9837080.394,8368022.115,6331699.641,9475156.67
Australia,Niger,Import,  All Products,Import (US$ Thousand),,6.112,,,4.439,,,,42.338,4.054,48.883,64.01,75.142,14.903,157.064,128.461,20.987,901.686,6393.457,7171.361,6422.285,2607.351,3453.765,2811.433,3042.849,886.872,2068.528,1248.602,1223.618,1554.778642,1964.549215,764.5903047,1271.216173,1900.705229
Australia,Papua New Guinea,Import,  All Products,Import (US$ Thousand),78891.187,127667.233,286736.244,629200.446,817276.027,902085.676,822045.797,865134.62,925698.952,710967.083,438277.716,728365.126,847626.024,662564.997,676997.023,1003538.158,1204917.35,1559138.031,1753933.338,2166483.989,2504833.442,2335692.97,2794334.019,3791897.105,3547526.368,2893934.695,3340701.216,2242136.653,2652737.978,2580290.212,2703157.979,2868764.066,2384335.366,1708086.077
Australia,United States Minor Outlying I,Import,  All Products,Import (US$ Thousand),,,,,,,,,,,,,67.811,46.183,22.676,1.933,141.686,11.281,12.296,15.348,40.567,30.622,1.911,15.635,1.414,1.782,2.915,1.15,26.257,,1.82422132,11.24819327,,
Australia,Afghanistan,Import,  All Products,Import (US$ Thousand),237.515,403.285,214.46,214.328,81.252,45.705,56.828,41.639,145.723,57.895,10.73,33.711,32.847,19.377,103.614,103.291,163.267,170.455,400.619,110.605,382.755,163.124,162.483,755.399,1719.28,1026.371,2206.871,1044.682,222.71,294.9410903,409.1579499,1860.766438,1064.315195,1432.132973
Australia,Anguila,Import,  All Products,Import (US$ Thousand),,,,36.217,,,,,,,,1.004,,,,4.363,41.77,,3.035,28.962,38.019,13.488,30.813,64.35,22.397,6.385,5.054,100.059,2.114,208.928989,144.3673672,486.7469438,102.6756943,26.43347248
Australia,Barbados,Import,  All Products,Import (US$ Thousand),107.096,90.783,179.643,121.444,102.087,118.709,166.221,306.575,535.951,541.682,439.564,266.188,391.73,287.143,265.394,467.15,278.212,560.876,669.17,754.936,1145.296,1166.837,1636.976,2041.921,1843.492,3871.736,1944.904,1186.149,1732.156,1075.146457,1357.575329,1816.588399,1262.301826,2830.954635
Australia,Bermuda,Import,  All Products,Import (US$ Thousand),80.066,172.329,578.524,1364.503,18.061,169.664,98.229,,,,9.064,402.099,319.776,3.97,114.122,5.026,1925.565,2986.983,89.562,10.208,6.519,605.362,2498.76,41899.295,87436.297,20882.992,9033.684,1575.95,216.199,166.9545512,34.50750175,152.4216667,115.7470133,173.87496
Australia,Bolivia,Import,  All Products,Import (US$ Thousand),66.17,146.987,308.835,441.626,168.045,557.432,443.487,1054.255,4273.155,4008.587,1626.046,1399.569,1372.06,1018.294,1242.557,2679.074,2552.823,3851.358,5015.169,4491.156,6484.416,7164.132,10235.772,13530.246,13390.144,21964.479,25910.77,16295.756,10225.842,13346.2596,11766.55039,15529.82234,11188.99419,9662.266569
Australia,Brazil,Import,  All Products,Import (US$ Thousand),250613.269,303550.192,228831.913,245040.073,224085.942,234345.299,275370.852,347491.827,294082.812,267867.867,200392.331,217853.085,404138.115,289278.548,279138.327,347511.567,452383.277,620046.867,705009.292,847993.591,1166229.503,534183.872,787968.701,851168.899,660842.475,544737.646,540856.605,483863.768,561818.069,594867.7781,658597.1603,627062.6554,635787.0899,716536.6498
Australia,Cyprus,Import,  All Products,Import (US$ Thousand),509.565,720.542,501.777,620.374,564.504,966.457,1184.254,1369.572,1603.14,2713.26,1798.929,2333.465,2958.893,2340.549,2560.438,2790.929,1826.493,3016.38,4774.024,6666.461,10018.588,9216.346,8791.907,11287.599,12930.974,16627.804,18309.429,16674.171,20715.193,22383.0761,26134.21399,22866.36295,28802.64431,30330.49177
Australia,Estonia,Import,  All Products,Import (US$ Thousand),,,,,121.286,198.749,246.939,86.665,180.165,1226.4,3033.798,17487.205,4711.689,1345.547,1209.533,3095.966,11806.487,15387.066,11851.209,8690.753,17037.554,15322.698,41248.621,52309.206,38364.514,43820.786,31867.552,45560.657,54528.697,81592.35087,137845.3007,204163.281,262229.5752,116970.1891
Australia,Ethiopia(excludes Eritrea),Import,  All Products,Import (US$ Thousand),,,,,,440.636,693.453,1194.032,1062.246,1489.836,1509.62,1386.334,1346.681,1124.268,953.056,1034.111,1394.715,2236.16,3044.148,4092.394,6366.814,6211.478,11007.796,12713.196,17987.589,13780.67,21823.129,20259.834,18130.128,22800.38974,18487.94583,18888.48534,16871.09047,28983.67465
Australia,Gibraltar,Import,  All Products,Import (US$ Thousand),4.059,,90.327,94.781,107.161,,41.225,84.725,323.762,194.998,,13.285,2.178,0.158,46.37,27.085,293.454,3.907,145.939,9.336,,1.155,1.077,3286.779,95.017,,326.402,18.678,17.005,79.13446005,35.76974372,9.143142069,22.70687939,11.29014876
Australia,Grenada,Import,  All Products,Import (US$ Thousand),,13.928,,,0.81,,1.356,,,,0.54,,,0.642,8.434,0.507,3.962,1.124,,1.347,,10.471,,12.539,4.735,64.931,64.439,66.887,73.503,124.3883715,4.708258175,60.22010701,116.9271437,3.757781561
Australia,Hungary,Import,  All Products,Import (US$ Thousand),18200.259,18688.219,20445.329,17073.173,20799.707,20317.942,25585.32,28867.26,23579.097,32865.455,42161.73,42392.878,56516.318,51593.83,96751.094,93056.081,120067.538,160370.658,188093.864,287678.333,363965.181,353991.612,424515.675,424013.021,334455.553,294617.26,426807.859,409851.247,435739.949,494666.9281,484080.4928,549947.6833,583141.5905,648751.0225
Australia,Kazakhstan,Import,  All Products,Import (US$ Thousand),,,,,,105.964,70.962,884.823,660.827,156.798,1023.859,792.535,1541.031,993.451,1171.863,2375.23,3420.388,6899.741,7578.245,6947.974,26772.541,5865.066,14137.225,6885.667,5686.956,1471.425,2124.986,2562.348,1471.957,1818.69618,2535.850281,4606.986667,17582.45889,22453.6057
Australia,Macao,Import,  All Products,Import (US$ Thousand),31300.436,33698.065,30875.119,17894.509,12760.715,8826.089,8925.789,7889.621,5953.022,5401.62,5127.44,4684.116,4347.984,3795.086,3904.719,4530.17,6583.809,8594.353,7674.341,8690.529,12405.217,9698.816,9074.769,9059.444,11823.579,10817.417,15404.741,14788.844,12427.18,15461.20282,38948.85747,37804.69042,54443.15066,5851.999093
Australia,"Micronesia, Fed. Sts.",Import,  All Products,Import (US$ Thousand),,,,,25.305,12.056,,6.385,34.954,11.196,180.777,23.651,72.129,14.854,470.103,258.877,28.179,19.038,2.425,2.242,11.616,80.274,4.118,101.729,4.359,34.422,80.946,22.256,10.106,5.113380439,7.869758139,49.38355593,5.187761934,43.24788954
Australia,Namibia,Import,  All Products,Import (US$ Thousand),,,,,,,,,,,,,5474.944,3859.91,5324.212,5436.501,7564.537,6318.275,8693.893,8048.166,7107.002,6892.961,8638.223,5438.525,7478.236,7293.1,6360.299,8194.895,7477.267,8169.206343,43497.67298,10548.38935,7810.605535,8842.539261
Australia,Nauru,Import,  All Products,Import (US$ Thousand),60937.7,48764.021,37950.45,9661.472,23440.859,9902.769,11127.464,9551.353,7259.303,8160.613,5907.926,3753.466,5130.204,2974.704,2355.417,58.145,53.405,162.321,238.646,5706.466,17604.273,484.663,5718.975,9090.048,9012.609,14917.997,5052.913,11239.211,4721.39,6897.651208,3841.013096,6005.760403,318.1680781,4194.831046
Australia,Albania,Import,  All Products,Import (US$ Thousand),4.536,12.156,5.104,5.082,11.967,21.652,54.816,23.859,77.587,46.253,32.608,1.645,262.401,18.5,2635.956,14571.37,461.526,435.999,273.2,155.95,257.692,226.411,363.236,557.344,299.507,619.669,768.322,704.516,1842.883,1863.186274,10546.98721,6086.194366,2659.107535,3959.070411
Australia,Angola,Import,  All Products,Import (US$ Thousand),,,3.26,,,12651.628,,,,112.99,75.024,10.207,42.648,6.201,47.772,33.591,3.664,46.37,41.389,38.047,145.104,22.115,93.811,2370.492,31.71,32726.257,53891.634,19257.198,9744.317,518.1366845,24649.66626,76.29074191,88.20966003,29.00202542
Australia,Armenia,Import,  All Products,Import (US$ Thousand),,,,,,,,,3.277,,1.546,52.451,2.626,472.455,477.463,98.827,338.716,87.373,160.421,1196.396,738.486,654.365,607.161,1170.901,202.318,538.641,241.469,263.461,232.463,613.1763363,1080.432131,1720.871201,1085.290758,1413.902689
Australia,Belgium-Luxembourg,Import,  All Products,Import (US$ Thousand),249370.263,325358.334,335047.235,272966.693,337162.869,343825.03,422767.218,558308.805,568293.573,534716.263,435766.691,,,,,,,,,,,,,,,,,,,,,,,
Australia,Brunei,Import,  All Products,Import (US$ Thousand),12952.676,17485.033,33492.148,55192.296,53202.413,18190.694,180.826,16172.041,154.02,478.875,3103.508,60645.343,164454.47,223099.873,326770.084,396747.023,543163.194,551269.046,885810.489,977172.911,1110471.029,590403.583,997069.088,1310645.325,1092661.018,825541.259,916434.8,308653.52,229278.548,212572.4442,581950.8908,854919.1326,1000358.448,1687131.534
Australia,East Timor,Import,  All Products,Import (US$ Thousand),,,,,,,,,,,,,21445.216,62.549,408.835,582.288,6884.544,636.673,523.012,1432.516,9429.613,4183.761,818.286,1185.171,1604.358,2163.968,2676.278,991.832,1409.789,2010.548562,720.1070551,1660.171075,691.9863127,1200.776001
Australia,Fm Sudan,Import,  All Products,Import (US$ Thousand),260.74,227.73,302.307,178.3,31.479,12.346,29.637,55.656,14.423,42.648,39.745,29499.269,59.295,105.269,80.501,0.265,53.649,41.283,14.215,48.29,24.58,93.17,44.316,1066.263,,,,,,,,,,
Australia,Fr. So. Ant. Tr,Import,  All Products,Import (US$ Thousand),,,,,,,,,,,,,,,,,,,,,,,,,,,4.146,,,11.48612452,,1.65301295,2.316450569,
Australia,Georgia,Import,  All Products,Import (US$ Thousand),,,,,,15.907,3.483,26.965,1.036,2.965,29.708,175.431,90.95,20.032,73.338,867.302,2152.389,751.722,5410.682,4049.75,4891.1,1212.924,1551.7,4420.092,6588.383,2692.428,5263.853,2708.31,2892.452,3935.704293,2151.013501,3105.748805,5537.923002,7315.950735
Australia,Israel,Import,  All Products,Import (US$ Thousand),92774.394,108462.856,96914.652,112377.728,112777.024,123980.685,166152.828,217584.089,215472.718,251916.128,241294.358,266314.114,253560.794,241186.57,312047.79,317953.455,407935.117,470846.899,511180.884,553049.432,739870.175,449339.704,575156.341,650851.432,697112.243,657176.569,662054.749,593258.27,592758.024,633422.9723,608058.8493,603390.8045,539279.828,648523.4289
Australia,Lebanon,Import,  All Products,Import (US$ Thousand),1689.655,1791.478,2223.321,2266.674,2480.805,2635.713,2351.327,2977.784,4028.708,4107.26,4415.265,3906.704,4414.834,3129.401,4619.343,7505.789,6867.441,9285.999,9597.989,13143.014,11477.298,11520.67,13990.366,12108.567,11710.472,12745.488,13217.217,12143.267,13000.263,14752.81497,16049.13678,15477.18785,16325.58871,18196.01949
Australia,Lesotho,Import,  All Products,Import (US$ Thousand),,,,,,,,,,,,,16.675,18.609,,41.549,34.467,34.067,27.697,82.655,113.26,953.338,1425.112,2072.002,2249.943,2334.051,2294.466,1720.487,819.923,820.4606045,1294.150434,911.2450655,765.3355721,409.6280499
Australia,Lithuania,Import,  All Products,Import (US$ Thousand),,,,,60.308,118.588,314.454,257.687,499.523,639.468,438.928,1613.029,1128.651,1623.147,3397.274,6353.269,9684.703,14343.568,26976.348,28440.193,28557.416,22448.373,20422.178,44066.972,53634.632,47314.219,30505.781,33786.854,36305.161,55151.68345,93452.05362,80280.12822,120590.6705,156787.6638
Australia,Malaysia,Import,  All Products,Import (US$ Thousand),484246.959,570636.802,503532.243,595052.307,699031.148,697335.521,881955.565,1140205.868,1317985.449,1526346.269,1676122.626,2062571.668,2590675.807,2120764.756,2221990.752,2951506.024,4280577.606,4832416.76,5258620.967,6376347.658,7870858.577,5961526.537,8562455.931,8779593.057,9928190.583,8846117.641,10036755.88,7391929.296,6912293.944,8632210.572,9851436.864,7771370.838,6862015.647,10307551.64
Australia,Mauritania,Import,  All Products,Import (US$ Thousand),,,,1.046,,,,,89.55,11.391,4.66,1.302,10.837,6.063,12.323,39.733,199.454,3083.452,220.302,30.797,48.993,13.537,2.493,29.465,174.282,20.638,14.053,56.766,157.007,17.32194333,73.83039609,67002.88265,77966.57711,139256.6682
Australia,Morocco,Import,  All Products,Import (US$ Thousand),36383.124,14911.327,8626.882,4309.791,4320.029,8815.562,10307.902,10449.894,11646.857,11208.208,14628.911,14361.208,25261.524,26303.62,18551.664,25272.72,19474.233,62945.461,53375.764,58540.961,231864.953,27750.538,62104.357,94350.364,44424.343,28059.141,78673.823,30849.413,49222.765,48695.30224,36044.40169,46627.95208,44979.76456,105209.8374
Australia,Mozambique,Import,  All Products,Import (US$ Thousand),807.496,1080.912,1057.857,754.856,62.066,7.617,11.953,22.673,20.175,7.941,0.713,3.61,10.189,27.65,1.13,922.726,61.308,295.27,56.437,1467.832,979.243,2984.831,5044.148,15151.55,10512.33,706.308,952.53,1009.981,835.693,23247.55396,9911.048558,4953.869145,14392.30382,672.4372542
Australia,Myanmar,Import,  All Products,Import (US$ Thousand),700.159,713.033,3250.761,2771.533,5222.561,8645.173,6926.486,4824.667,5379.297,8181.308,7961.605,10889.105,9189.887,11571.298,10331.261,10315.892,12667.684,11649.98,15953.321,18969.73,18672.344,21099.106,15030.749,13313.644,14902.8,20493.987,22619.339,35693.489,24281.722,30210.55321,32267.29454,43088.87918,40851.47638,49340.35309
Australia,Bosnia and Herzegovina,Import,  All Products,Import (US$ Thousand),,,,,631.961,230.491,17.848,,313.901,328.602,230.525,798.965,1659.426,1925.082,609.437,829.377,798.666,1312.628,1924.944,2686.442,2030.005,2143.303,2519.475,2706.159,2437.103,3507.266,5162.645,6958.891,19878.965,18242.23484,15435.75887,14647.36649,14658.51344,14829.68616
Australia,Bulgaria,Import,  All Products,Import (US$ Thousand),2836.839,6277.729,2910.725,3591.497,2915.396,2772.126,3913.508,4525.236,4225.935,5145.722,4390.991,3753.189,4004.667,4425.921,7077.782,11381.716,15014.968,19049.035,19682.634,23545.692,41998.891,22935.313,40256.292,38571.827,42982.382,42742.339,42967.78,43619.845,52605.337,54088.57659,63577.77557,75991.61377,73764.24536,75940.40129
Australia,Burkina Faso,Import,  All Products,Import (US$ Thousand),,,,1.653,,,,,,27.801,6.306,,0.771,0.222,,18.658,30.514,,17.225,33.77,12.613,,3.263,236.883,37.585,,39.913,36.776,17.213,206.7827241,57.88790048,63.96172355,61.08334255,174.9289402
Australia,Cayman Islands,Import,  All Products,Import (US$ Thousand),6495.794,5147.201,7165.531,6761.179,7515.269,7837.729,8585.764,10512.393,10938.394,3877.203,0.812,181.695,0.5,,12.457,1.231,1.119,181.672,12.463,82.616,45.375,809.154,42.897,1945.661,702.916,661.461,1134.736,7928.494,691.802,14045.7499,1040.718943,110.0991838,350.2735255,606.9591509
Australia,Cote d'Ivoire,Import,  All Products,Import (US$ Thousand),6016.513,1682.33,1006.429,1681.928,2104.494,3069.254,3737.426,4093.994,4119.781,5142.03,6762.939,8786.056,5784.254,8141.357,11205.928,16282.614,14267.339,10976.818,8464.237,10818.915,9425.893,14786.959,17782.347,22728.12,32120.703,7971.898,18747.061,20751.511,15294.326,16408.94727,7847.610731,9667.955187,138356.6026,475410.493
Australia,Denmark,Import,  All Products,Import (US$ Thousand),146776.174,176418.721,185750.215,160717.724,187485.02,198310.221,236900.473,245200.664,281448.94,288404.311,270806.919,316913.111,344861.114,303620.71,425874.851,534114.007,748567.976,753127.327,808367.55,861994.846,900871.927,911189.638,980368.863,1021187.767,1178067.288,1054229.753,960252.105,845294.817,902766.053,1052399.808,1099337.109,971098.4631,954645.9957,1172132.195
Australia,Eswatini,Import,  All Products,Import (US$ Thousand),,,,,,,,,,,,,1370.017,2199.952,18722.637,30178.484,40714.299,47058.247,33614.564,46973.334,50945.375,46993.175,58903.616,25819.247,3424.902,3643.811,1873.069,1424.515,2661.683,4151.945015,2662.649935,739.6802316,474.0289062,510.2936804
Australia,Falkland Island,Import,  All Products,Import (US$ Thousand),,,,,,52.451,,,,,,,,10.454,33.708,,,,0.829,50.657,,22.325,,4.036,,48.299,33.513,67.556,23.987,25.99489199,16.14407775,110.4701171,25.00637982,6.469480929
Australia,Fiji,Import,  All Products,Import (US$ Thousand),48642.637,73604.641,71877.692,68068.475,83303.127,106661.285,120844.976,142196.004,211497.636,210027.076,211842.76,233490.691,178566.448,127634.992,124305.187,144679.819,169757.209,152010.328,130667.594,106775.89,127398.187,125549.934,181563.09,190010.815,181576.794,155778.346,141698.773,139648.161,141936.061,140620.3503,134976.8148,127443.5602,130449.2126,145917.1209
Australia,Guam,Import,  All Products,Import (US$ Thousand),,,,,,,,,,,,,100.325,179.976,139.271,240.75,68.883,83.126,209.766,33317.816,49.731,103.706,30.926,297.419,246.421,80.606,75.511,2474.247,188.921,544.5208979,86.67347051,658.338315,478.1703427,597.08376
Australia,Guatemala,Import,  All Products,Import (US$ Thousand),1209.92,2183.624,351.017,919.021,839.23,1279.234,1264.601,2320.33,1299.761,2750.325,3561.563,1282.973,2146.75,995.69,2436.928,2051.545,2507.584,2734.159,4156.327,4820.071,5875.262,5572.717,6443.28,12415.112,13044.246,11705.604,13216.378,21216.204,13571.115,17191.79012,16780.34546,19290.24613,17564.35945,29168.01395
Australia,Iceland,Import,  All Products,Import (US$ Thousand),988.741,2154.258,1320.421,1189.983,859.743,1024.576,1206.954,1292.831,3265.404,3871.797,2682.122,2119.781,2039.567,2947.493,3313.379,3473.848,8986.89,7604.349,18880.234,22661.965,21983.875,9432.107,9435.811,10851.479,10965.074,11601.229,19504.4,16622.8,12018.411,7751.033815,10261.21299,11781.82049,9237.371807,11587.97564
Australia,Indonesia,Import,  All Products,Import (US$ Thousand),311030.45,380461.306,396180.689,720432.822,905403.96,819937.624,737294.792,943890.043,1329895.155,1665351.17,2213000.852,1765128.099,1682285.004,2163602.661,2421209.577,2800521.529,2906133.323,2991135.066,3605202.58,4300715.47,4683532.985,3654319.358,5095603.035,6098803.514,6554598.662,5720872.316,5491388.943,4213360.223,3668914.225,3213593.512,3752250.111,3547001.079,3315750.756,3755250.367
Australia,Kiribati,Import,  All Products,Import (US$ Thousand),68.395,1.515,4.865,37.743,20.06,81.929,26.496,54.245,255.578,477.14,433.693,246.357,258.62,92.647,133.958,115.468,205.207,439.175,1350.025,976.6,1027.181,718.81,527.394,817.35,93.051,161.111,236.69,252.276,156.315,233.6530694,44.35252213,178.8104164,171.3242987,805.6194043
Australia,"Korea, Dem. Rep.",Import,  All Products,Import (US$ Thousand),233.769,355.078,29.351,309.677,199.533,68.05,389.608,762.868,744.582,1699.943,5647.209,4112.868,3150.063,2585.581,9991.501,6833.023,6784.329,13097.603,12298.503,7861.484,6756.091,4209.97,7620.451,6981.095,8411.013,24.173,,,,,,,,
Australia,Malawi,Import,  All Products,Import (US$ Thousand),7573.584,7428.196,7612.067,8926.705,6377.498,5639.339,5656.615,6662.12,3995.432,3956.01,4513.063,5075.732,3497.018,6195.891,4492.813,6310.081,957.417,8210.258,9784.675,7188.124,778.601,2228.889,4584.531,1256.922,168.858,277.543,52.497,377.496,29.892,1261.918826,26.51862485,116.1156269,8.779843155,24.06510595
Australia,Montserrat,Import,  All Products,Import (US$ Thousand),,,,,54.415,,,,,,,,0.975,,2.946,3.775,28.479,22.347,16.738,187.246,269.147,484.105,357.458,68.161,42.095,12.452,271.22,50.27,39.462,51.23987979,14.7187246,12.56222967,249.1135304,17.83226959
Australia,Marshall Islands,Import,  All Products,Import (US$ Thousand),,,,,93.309,0.687,4.861,,4.836,3.828,1.446,55.206,32.686,,59.049,84.112,385.9,34.827,406.773,430.754,859.031,767.513,504.775,610.205,769.697,361.334,506.696,361.921,469.497,148.4496378,1434.557474,57.75992361,286.272171,104.3569168
Australia,Montenegro,Import,  All Products,Import (US$ Thousand),,,,,,,,,,,,,,,,,,,,,,48.293,161.847,253.466,1225.625,185.771,331.305,442.016,314.572,446.1109864,378.3898672,285.5394105,550.8399089,570.2136668
Australia,Nigeria,Import,  All Products,Import (US$ Thousand),1746.915,19.791,6.367,68.829,13.833,21.989,4458.012,149.052,45692.088,43347.449,59.582,25112.761,20211.309,353.03,18.922,82.745,91.88,151.483,152.671,161.856,734.571,203245.731,763298.959,2110200.298,2724225.246,1804843.273,1457407.091,466.243,902.772,398999.3281,442168.1084,311831.5205,203913.6246,80952.97808
Australia,North Macedonia,Import,  All Products,Import (US$ Thousand),,,,,,1519.229,1364.059,2009.623,1611.749,1386.616,1970.718,3443.825,2559.358,2084.306,2239.772,2413.73,2171.883,2327.123,2218.387,3822.318,4047.373,4311.937,4412.365,4644.447,5784.824,6048.199,6033.676,6084.688,6450.358,6745.891484,8133.739648,6350.987927,8723.572194,8582.636214
Australia,Peru,Import,  All Products,Import (US$ Thousand),6740.561,3920.412,8241.289,5749.6,10959.642,15437.238,24769.606,16920.338,18750.455,14570.25,8178.346,15588.381,40683.702,36738.921,43928.891,58907.85,48020.703,49658.098,53893.951,121827.505,90890.009,123876.582,154177.564,107452.153,104197.062,132459.744,125975.299,104838.191,262863.519,282981.5289,255648.8486,114001.7307,154989.488,170697.0265
Australia,Qatar,Import,  All Products,Import (US$ Thousand),45350.151,35755.769,13799.545,1564.769,2919.458,57303.591,132090.728,126891.371,109748.412,81768.931,90079.896,91727.557,75984.363,219171.739,121399.648,124564.345,173474.403,271457.897,269286.262,229332.807,378017.1,283030.222,513448.276,477594.734,674763.202,631766.423,504053.977,417078.99,255751.496,237329.0112,352446.9234,225406.213,203922.9339,450691.27
Australia,Saint Pierre and Miquelon,Import,  All Products,Import (US$ Thousand),,,,,,,,,,,,,,2.597,6.231,,,0.547,,,3.516,,,,150.703,,,,22.168,1.16050357,,,,
Australia,Thailand,Import,  All Products,Import (US$ Thousand),278385.366,365490.311,363295.026,436083.322,502957.283,498956.675,623394.687,721448.286,815966.619,943605.928,990902.956,1378287.985,1728716.968,1472300.167,1797629.228,2469927.32,2926615.745,3866691.552,4929114.883,6896807.214,8955745.211,9303742.541,10513320.54,8710152.142,10534076.26,10672585.81,9844415.982,10197010.74,10872745.34,11073613.83,11260149.54,10420278.55,9988284.916,11570044.99
Australia,Tonga,Import,  All Products,Import (US$ Thousand),1716.571,2444.709,1820.879,1325.178,1449.302,1276.14,498.78,351.104,600.7,597.369,607.506,401.302,433.736,467.921,446.934,456.675,456.186,576.162,566.957,521.856,935.357,686.304,561.731,456.407,799.974,1339.477,1251.8,1058.714,1511.217,1790.066308,1874.85867,2094.71929,1613.855903,2092.654756
Australia,Uganda,Import,  All Products,Import (US$ Thousand),231.438,1779.042,229.387,332.421,130.531,602.157,1802.004,3238.958,4384.282,4709.404,3245.117,7125.697,9028.807,6433.892,8199.605,8444.137,4892.429,4371.315,3994.869,7018.77,4121.392,7487.82,5477.709,4021.507,5357.762,2769.194,2296.433,1572.398,2676.614,1706.982355,2062.042776,2720.824125,3162.416298,2848.0455
Australia,Mauritius,Import,  All Products,Import (US$ Thousand),2089.275,1612.452,2597.344,3369.031,2466.385,1134.099,1266.079,955.542,1806.212,1637.366,1203.27,1644.968,3834.634,3355.49,3580.268,4372.745,4135.562,2262.014,2717.235,2842.278,9281.99,5535.453,10903.179,13337.708,12795.794,10774.156,14198.503,16313.339,19810.093,13519.99786,19862.88843,11816.84809,8015.01212,10332.42499
Australia,Netherlands,Import,  All Products,Import (US$ Thousand),468969.935,421975.761,427997.245,442040.101,424974.485,441230.453,503398.533,501575.808,571203.638,627795.494,548708.411,574099.334,590216.736,560342.656,688604.774,831339.276,976021.268,1031152.95,1119353.804,1291738.005,1623254.921,1250156.536,1268594.049,1570507.787,1999158.427,1654824.809,1762836.101,1595889.524,1690297.843,1825034.885,2346956.936,2402655.595,1956485.692,2844476.796
Australia,Oman,Import,  All Products,Import (US$ Thousand),6183.601,9357.457,40903.492,24624.352,550.34,5771.003,685.854,4855.482,157.481,61261.539,7348.227,23821.994,49421.081,797.019,1385.694,6717.473,1611.306,1789.564,2577.208,3068.297,12922.487,80044.671,36331.591,63887.038,23881.34,76148.833,36351.189,58786.147,35145.268,75508.616,50555.15826,6681.491424,20785.0533,98473.35265
Australia,Solomon Islands,Import,  All Products,Import (US$ Thousand),2143.238,4136.682,4779.59,1187.808,1834.55,1780.451,1686.989,3791.879,2430.635,3004.58,3679.803,2168.968,2841.433,1481.177,875.303,3412.891,4074.252,2985.995,3140.774,5947.569,5655.244,4313.14,5441.897,72984.95,118791.893,90004.334,36723.27,6867.153,7149.162,11938.90457,9225.016878,6012.832585,5422.224809,13796.12056
Australia,Spain,Import,  All Products,Import (US$ Thousand),138798.912,166606.48,158775.896,135359.832,154835.129,150757.264,287878.296,370297.6,390415.627,391743.226,424326.403,412802.009,411566.937,418422.163,534268.133,723001.648,991245.06,1035702.397,1092748.362,1606278.72,1831795.761,1313176.388,1586881.502,1859998.178,2981896.266,2407046.337,2769354.217,1543482.036,1559578.413,1733861.837,1986262.85,1637375.537,1498116.065,2378721.715
Australia,Sri Lanka,Import,  All Products,Import (US$ Thousand),23281.756,20590.832,29117.751,27953.904,28408.851,30536.858,36306.655,38099.355,43528.214,47939.715,48731.035,45602.727,50761.036,46336.485,50252.325,61168.881,62021.025,70654.268,74693.115,84196.464,97261.933,86707.824,114016.216,122015.019,132134.408,146831.604,161975.992,158347.042,165727.838,191279.8897,198042.7815,202378.1028,177498.5487,258555.4345
Australia,St. Lucia,Import,  All Products,Import (US$ Thousand),,,,,,19.462,,113.549,20.346,,14.185,21.202,6.03,0.397,2.379,,10.254,1.269,8.785,18.007,54.161,5.834,21.932,32.484,66.213,6.325,60.87,7.834,3.273,62.07808862,132.1383764,60.67296556,3.575323773,29.06778143
Australia,Sweden,Import,  All Products,Import (US$ Thousand),608482.222,676081.185,646509.328,541363.839,690385.115,657921.458,873905.983,1146281.834,1165977.196,1109459.809,928534.055,1069434.937,984163.408,829379.664,989076.125,1214915.194,1369538.311,1636703.121,1950609.595,2042928.55,2289902.536,1727432.189,2089782.92,2585721.502,2508524.734,2011337.921,1837532.845,1454864.553,1528083.234,1788461.685,2049907.646,1475579.053,1320622.474,1751893.118
Australia,Turkmenistan,Import,  All Products,Import (US$ Thousand),,,,,,,,,,,0.972,30.636,1.006,,96.733,47.721,180.295,135.103,41.001,58.455,15.413,4.15,2.041,3.463,3.913,,388.777,926.47,1599.812,1748.310824,,15.63054376,,14.99388233
Australia,Unspecified,Import,  All Products,Import (US$ Thousand),15465.968,12615.448,17682.368,23986.034,29430.373,33020.418,853831.571,1206173.874,1255402.062,1191278.663,1096068.991,1293757.586,18761.237,13565.003,13541.033,25458.974,46725.967,129387.722,407116.366,612940.898,3057311.473,5010498.187,6783387.532,8838390.196,7700333.206,11047652.86,6124385.755,5287397.936,1816833.251,15069547.15,7344931.641,5807716.332,3360791.784,7240814.127
Australia,Uzbekistan,Import,  All Products,Import (US$ Thousand),,,,,,12.436,5.031,,1.558,1.923,,,13.325,11.777,10.435,51.093,13.51,75.366,27.143,18.54,14.778,153.818,591.009,1318.251,2600.194,2015.291,1630.785,1273.934,17.695,183.9721622,150.7112277,366.6169473,234.2023626,299.7898703
Australia,Zambia,Import,  All Products,Import (US$ Thousand),2159.96,1705.562,1054.743,1449.267,593.353,416.612,176.582,894.321,606.911,960.358,503.95,2432.074,748.699,115.821,368.844,131.129,1187.405,509.757,1251.102,1313.338,982.7,909.653,16296.607,1074.116,223.006,110.69,125.995,2540.196,434.785,491.7138334,8351.612311,21965.91601,7793.918986,9690.250612
Australia,Malta,Import,  All Products,Import (US$ Thousand),1285.463,939.811,1083.937,1051.819,1052.997,623.887,2719.183,4109.688,4571.632,4201.068,3436.441,3319.287,4216.226,2958.052,2672.225,7192.412,7528.678,9420.112,12131.277,13739.22,13452.176,12106.664,15383.729,11571.305,12378.961,19575.121,19679.995,17073.154,17353.711,13224.60074,13989.68203,14438.20662,15689.2541,19345.12992
Australia,Netherlands Antilles,Import,  All Products,Import (US$ Thousand),1519.491,483.566,,1394.518,1108.634,2164.095,3342.597,2394.293,747.474,1077.911,1156.225,273.755,188.014,849.533,3627.853,4793.37,2963.918,6595.689,11607.544,9391.878,1530.942,582.16,1465.445,,,,,,,,,,,
Australia,Paraguay,Import,  All Products,Import (US$ Thousand),13.198,480.989,160.702,20.409,,4.222,58.375,40.973,114.954,54.146,242.971,45.598,69.95,38.922,37.345,107.352,189.155,181.57,315.725,304.845,644.524,863.191,779.666,379.215,213.184,764.527,1998.271,1689.85,3211.237,3521.672244,1898.943512,4372.845193,1680.027268,2174.077405
Australia,Poland,Import,  All Products,Import (US$ Thousand),20972.494,26782.216,29490.23,20955.375,18026.046,14927.007,18983.016,23799.478,20451.819,63358.503,24658.866,22611.489,22039.162,26789.357,52051.705,68838.584,159242.972,273106.401,156279.396,258994.396,336634.91,307662.135,308875.76,394995.714,526735.241,544551.244,686619.141,572828.462,665721.678,831694.255,793565.2317,854888.7853,1051863.929,1255229.957
Australia,Rwanda,Import,  All Products,Import (US$ Thousand),365.119,,,0.682,,,,,,,,,0.853,83.833,69.305,29.366,0.382,177.817,133.569,70.378,9.164,10.085,36.901,427.024,962.438,760.21,894.166,1329.107,1139.028,1114.305662,985.9366555,1015.257446,549.3969516,1593.794866
Australia,Saint Helena,Import,  All Products,Import (US$ Thousand),,,,,,,,,41.966,,,,90.839,0.617,10.195,9.809,6.883,,166.354,80.025,133.391,15.322,4.983,255.209,818.49,32.335,654.548,706.651,1919.853,1193.847976,1217.976007,1090.767359,650.9097133,245.8909054
Australia,"Serbia, FR(Serbia/Montenegro)",Import,  All Products,Import (US$ Thousand),,,,,5425.723,,,,,,,,832.877,923.613,809.644,1903.757,2010.775,3044.353,3232.941,4082.406,3566.212,3666.679,4417.491,5846.183,7621.952,9415.304,10781.694,13551.318,17452.97,20811.25219,23516.29643,25786.06637,35017.09686,55832.48268
Australia,Seychelles,Import,  All Products,Import (US$ Thousand),494.496,445.538,,48.412,19.463,29.522,60.271,46.577,68.526,524.076,101.807,59.4,68.322,623.993,777.799,103.376,804.084,1801.784,2701.578,2952.159,1525.394,1805.528,4652.361,3655.955,2373.478,2170.675,2944.475,2084.776,1503.515,1916.393222,6938.686638,3756.748872,1465.344781,1752.287898
Australia,Sierra Leone,Import,  All Products,Import (US$ Thousand),,,,4.224,13.701,7.581,,467.753,335.99,9.407,7.076,29.441,25.638,102.31,11.968,43.233,203.405,536.369,3055.284,2264.929,2293.733,4651.399,6175.75,9249.499,2829.95,15875.443,1665.936,1760.092,1779.843,13955.73815,5231.98234,1584.988735,1641.271788,2824.844637
Australia,South Africa,Import,  All Products,Import (US$ Thousand),71128.229,87108.744,92387.3,74683.28,105422.76,154849.95,206303.969,265359.258,351562.117,347283.077,346256.002,409328.281,532899.035,477841.024,563597.169,786390.925,976929.615,1236692.199,1249085.733,1183456.028,1412114.948,740788.126,1063445.807,867847.303,904469.315,864291.472,822741.348,890455.056,789235.14,883760.1949,908050.525,788487.7085,748552.4589,941327.9914
Australia,Special Categories,Import,  All Products,Import (US$ Thousand),731495.868,1006503.502,790779.549,807062.551,814772.331,743261.363,,,,,,,,,,,,,,,,4449143.262,,,,,,,,,,,,
Australia,St. Kitts and Nevis,Import,  All Products,Import (US$ Thousand),,,,2.966,3.593,4.869,4.67,14.779,6.327,,,,1.063,,3.446,,,0.224,73.746,13.082,17.696,21.28,50.339,30.845,30.785,147.018,125.371,29.776,83.899,362.1750769,39.43893482,176.9182276,94.9318468,165.14092
Australia,Suriname,Import,  All Products,Import (US$ Thousand),,,,,,,2.581,,,,7.373,5.338,84.396,1.841,4.873,73.788,7.149,135.781,302.483,333.223,500.87,134.16,158.306,345.913,413.375,259.5,160.861,336.624,344.165,491.6474385,269.5585982,153.9133248,544.8744087,1667.79227
Australia,Tajikistan,Import,  All Products,Import (US$ Thousand),,,,,,,,,,,1.987,,,3.746,2.795,104.705,11.46,46.024,285.394,79.174,610.951,1636.349,3542.422,4065.747,251.946,1.725,0.958,5.108,13.467,13.26987668,14.01318707,11.19927448,10.02589536,5.842854731
Australia,United Kingdom,Import,  All Products,Import (US$ Thousand),2436457.64,2645976.098,2658619.029,2362156.97,2390813.273,2383829.2,2948084.675,3412851.187,3890329.176,3893593.658,3602952.853,3467865.437,4174793.313,3376323.149,3312087.354,3706981.167,4392072.444,4899175.161,4895222.822,6997322.598,8657782.057,5044259.764,5532222.194,6939310.763,6953420.812,5964835.568,5484532.022,5338147.91,5310179.204,5433703.831,5598066.808,5186957.62,4976576.115,5592647.527
Australia,Uruguay,Import,  All Products,Import (US$ Thousand),6595.69,3331.662,2220.697,4586.141,2963.402,1912.856,1222.032,3459.261,4057.747,2692.774,2974.97,2775.771,3532.971,3207.176,4996.36,3978.011,8624.39,9283.598,12455.174,22186.655,14010.313,15072.595,14061.223,15291.744,17506.431,20333.646,24312.66,15568.21,16444.676,16720.0149,6165.679877,13064.32744,8579.788167,11089.73181
Australia,Venezuela,Import,  All Products,Import (US$ Thousand),1327.06,9111.845,6978.113,13799.619,2550.27,3736.036,1784.442,2261.604,503.97,1100.101,1074.634,1023.043,643.509,1200.761,4646.347,1779.333,1391.514,2032.172,2102.738,1972.235,2769.094,3575.594,3398.014,513.427,1010.463,1379.737,924.759,1819.483,813.939,1003.252442,3104.932962,605.8203042,909.1743666,1301.697426
Australia,New Caledonia,Import,  All Products,Import (US$ Thousand),2298.589,2989.886,10775.944,17186.548,25827.269,23958.714,30213.45,36650.823,34783.358,30971.594,27820.059,29591.938,37627.011,38564.944,39278.769,54597.466,54327.255,53998.679,83613.51,105227.035,92336.518,75827.315,148985.47,222960.786,117148.19,125989.158,182228.491,110408.654,22365.776,24804.36901,38397.51884,14692.23525,6811.322643,13477.72037
Australia,Norway,Import,  All Products,Import (US$ Thousand),83727.919,147834.063,103612.77,82884.238,82901.828,76152.214,90658.637,91390.41,121308.318,122237.778,145924.007,106867.228,87530.792,124478.901,139782.443,144391.532,170300.252,222378.932,176071.429,363004.247,389369.487,332591.937,384473.998,520066.801,296031.16,396312.941,398164.733,273142.91,237812.125,308844.9323,342190.0748,345037.3842,259958.5762,352218.7361
Australia,Pacific Islands,Import,  All Products,Import (US$ Thousand),0.766,,,46.717,,,,,,,,,,,,,,,,,,,,,,,,,,,,,,
Australia,Pakistan,Import,  All Products,Import (US$ Thousand),57413.76,58503.657,61711.313,69103.794,81834.982,97346.859,107383.478,92370.921,113757.809,115901.261,107157.62,100125.223,114311.959,102238.736,116655.215,120282.769,122676.972,114998.272,122135.387,136914.077,152602.395,136403.765,158540.281,178131.268,189653.855,186979.412,190144.428,208966.847,258706.067,242980.888,237797.9877,257753.9013,240352.1326,306439.245
Australia,Palau,Import,  All Products,Import (US$ Thousand),,,,,,,,,,,3.14,2.535,24.389,0.313,0.237,0.655,421.011,2.31,6.924,29.39,2.644,,243.818,,,5.72,14.981,1.035,1.542,366.525334,130.5644143,97.36639529,132.0498221,131.5001721
Australia,Reunion,Import,  All Products,Import (US$ Thousand),3.53,39.891,3.358,46.656,,13.911,2.191,2.852,,,,,,,,,,,,,,,,,,,,,,,,,,
Australia,Russian Federation,Import,  All Products,Import (US$ Thousand),,,,,16425.749,13051.239,13653.238,25615.819,13944.666,13909.402,13664.963,13656.934,17165.157,12652.046,28992.255,29536.547,52501.158,86762.52,54612.162,114764.668,541909.781,301243.482,359490.597,1032728.844,895354.399,991815.059,1179334.499,252487.454,162807.004,328114.2312,178165.3045,300786.9067,164857.8339,381039.1368
Australia,Sao Tome and Principe,Import,  All Products,Import (US$ Thousand),,,,,,0.585,,,,,,2.221,,,,,1.548,2.261,5.18,20.258,124.616,,47.229,79.156,26.002,92.072,178.549,135.942,109.045,71.84175683,31.97677908,35.2685214,10.73023122,62.11410964
Australia,Slovak Republic,Import,  All Products,Import (US$ Thousand),,,,,,1273.056,1424.093,1769.87,1957.449,2301.098,3472.271,5097.517,7449.895,7468.833,7304.993,13355.431,17688.201,19767.406,35140.949,118012.016,184542.922,91320.215,147202.874,168341.296,232096.95,315907.792,359485.997,344326.049,244857.46,266575.3312,197413.2545,333314.1452,337287.3015,411133.899
Australia,Slovenia,Import,  All Products,Import (US$ Thousand),,,,,14174.435,14700.202,17805.211,18414.795,16859.506,19741.412,18821.561,20078.565,26262.872,24248.997,28935.973,39165.725,42127.618,49122.205,48108.631,50685.345,51385.168,34862.86,46552.678,56662.588,63787.534,83333.671,96313.937,97228.653,101177.563,108217.9145,106438.5676,106850.5158,120675.9359,130092.6843
Australia,St. Vincent and the Grenadines,Import,  All Products,Import (US$ Thousand),,9.895,582.896,4189.882,6281.631,3499.724,2802.077,4030.399,2851.171,2064.184,,,,0.293,0.271,3.937,0.736,,4.275,45.449,227.766,2.322,44.597,4.016,82.409,,,,5.242,74.68604067,8.278561209,3.138484086,1.477655973,5.797069809
Australia,Syrian Arab Republic,Import,  All Products,Import (US$ Thousand),7125.922,8218.094,20420.301,84.573,30.665,105.786,197.425,140.372,750.87,452.388,603.385,710.743,882.324,601.287,619.781,1160.497,1456.134,1664.233,2062.204,2018.751,1360.266,990.648,2176.214,1544.067,1499.164,1240.995,772.626,1163.424,1120.876,767.1951246,514.4485233,1077.058621,1534.422659,1933.493783
Australia,United Arab Emirates,Import,  All Products,Import (US$ Thousand),172746.205,398837.217,371415.098,315390.228,434453.138,501443.029,403052.479,414090.543,514559.171,471010.712,212347.319,185211.136,593081.804,523006.536,223171.226,694304.54,759643.823,324985.132,1043241.744,1871230.862,2048062.915,1736288.484,2131162.663,4265851.122,3152177.285,3605880.136,2543139.223,1858911.216,1527027.252,1612916.316,2296838.174,1838717.902,1434076.325,967528.5368
Australia,Western Sahara,Import,  All Products,Import (US$ Thousand),7.845,9.007,,,,,,,,,,,,,,,,,,,,,,,1.86,3.164,,3.942,7.733,,,,3.451765979,
Australia,Vietnam,Import,  All Products,Import (US$ Thousand),17195.547,14495.374,14448.798,23462.203,148082.915,170807.394,212079.062,212586.623,307563.379,434177.396,477774.184,859365.145,1317733.837,1174898.75,1308110.898,1603544.19,1938897.499,2727497.414,3920750.729,3968043.307,4591017.957,2562507.851,2979042.723,2916414.824,3263306.639,3665514.118,4462048.058,3354368.393,3332260.132,3944661.984,4631876.515,4263851.616,4426674.821,5373412.354
Australia,"Yugoslavia,FR(Serbia/Montenegr",Import,  All Products,Import (US$ Thousand),36552.035,42859.436,38375.765,38432.269,,,,,,,,,,,,,,,,,,,,,,,,,,,,,,
Australia,Norfolk Island,Import,  All Products,Import (US$ Thousand),100.13,280.047,44.217,5.747,1.958,8.206,28.846,58.877,108.309,351.468,365.203,367.464,496.102,136.78,146.962,251.371,71.054,73.478,93.563,76.835,155.289,82.958,106.074,35.65,81.621,28.344,14.951,54.09,72.77,94.71223205,66.53998863,136.3239648,83.37544929,134.1576281
Australia,"Other Asia, nes",Import,  All Products,Import (US$ Thousand),1366688.558,1600506.062,1361954.998,1431583.39,1523765.203,1540738.37,1769255.444,1873274.154,1943636.663,1934305.981,1823746.454,1898880.245,2137547.001,1638367.75,1895568.104,2272598.332,2768529.312,2901138.169,3257091.664,3824286.894,3942037.607,2444269.042,3512937.159,3896901.028,3871650.337,3500783.486,3977094.58,3556061.642,3246176.394,2949173.293,3243323.736,3435832.387,3351123.004,4597452.718
Australia,Panama,Import,  All Products,Import (US$ Thousand),377.106,246.345,182.174,1444.645,11355.641,184.538,561.719,865.971,1088.463,318.203,325.02,98.682,1582.467,1727.015,163.893,201.731,256.074,521.963,3910.463,2146.73,1449.724,1665.552,2370.559,3494.175,5445.146,6509.072,7944.924,6713.323,4225.151,6026.27876,11972.46195,8439.767254,3103.176753,9515.423162
Australia,Pitcairn,Import,  All Products,Import (US$ Thousand),,,,,,,,,,7.844,,,13.45,0.174,0.577,8.129,,146.148,315.538,2117.799,916.07,341.317,256.559,279.554,196.598,43.913,13.798,588.135,11.114,6.060797737,166.4920093,1.961527354,3.075965574,1.847284536
Australia,Saudi Arabia,Import,  All Products,Import (US$ Thousand),297743.295,423024.369,493790.134,546165.227,441953.514,443288.263,396879.989,585412.054,588206.959,553226.105,270719.749,373329.584,944428.025,770352.604,714636.574,663157.862,845137.54,1100054.277,994266.072,911746.86,823690.981,435684.544,420058.821,399619.928,495892.433,200700.66,384155.407,326896.35,324164.937,254692.357,417729.3701,318365.0001,632910.5457,637039.5359
Australia,South Sudan,Import,  All Products,Import (US$ Thousand),,,,,,,,,,,,,,,,,,,,,,,,,1.748,16.631,33.019,2.357,33.748,3.314392492,3.713011689,47.88063614,32.26994573,22.39210234
Australia,Switzerland,Import,  All Products,Import (US$ Thousand),387425.624,404952.535,492152.93,464390.755,500296.713,501879.752,639011.645,758311.68,730060.731,658591.866,643451.048,743514.478,746128.36,681509.856,710447.437,763683.135,1029818.384,1169930.182,1395028.637,1694024.024,1963756.528,1991875.193,2064453.497,3065674.365,2989986.056,2861075.187,2538878.814,2420414.408,2361698.051,2361980.445,2757654.589,2500129.632,2395854.494,2751820.228
Australia,Togo,Import,  All Products,Import (US$ Thousand),2730.056,9000.13,3986.229,1120.232,1911.039,,3222.263,3622.382,,140.566,23.479,85.175,63.602,4211.584,13976.813,13062.873,12873.912,1811.556,3212.618,51.73,315.603,55.226,59.547,60.304,20.395,19.257,7481.559,9510.618,8040.797,30214.12941,23165.56254,17234.5803,10985.01668,20740.21499
Australia,Tokelau,Import,  All Products,Import (US$ Thousand),,,,,,,,,,0.512,8.344,4.665,166.733,5.671,44.945,14.419,,,,,,,,,,,,,,,,,,
Australia,Trinidad and Tobago,Import,  All Products,Import (US$ Thousand),535.118,463.068,3969.213,524.207,4867.593,469.232,836.911,528.083,642.03,1324.05,801.624,697.009,1400.478,723.597,1031.828,2741.798,2316.736,2931.284,4046.042,4942.153,24820.744,11062.779,5554.159,5592.92,5753.315,9407.794,7629.117,7492.322,6668.156,6907.509018,17364.24625,5109.890304,4284.359535,6893.465678
Australia,Turks and Caicos Isl.,Import,  All Products,Import (US$ Thousand),,,,,,,,,,,10.993,29.098,2.636,115.68,,0.819,,3.249,75.143,4.737,,1.274,,1.75,24.151,6.11,160.231,16.729,13.452,89.7494152,23.37770449,2.072475752,8.431343284,60.73625014
Australia,Ukraine,Import,  All Products,Import (US$ Thousand),,,,,75.217,754.213,662.543,1207.089,1300.717,1363.776,4027.158,3135.377,4597.956,2615.314,3058.625,3869.588,10029.892,18109.944,23203.812,25257.692,119614.953,31237.08,33900.488,37168.125,53626.285,44031.395,30504.148,20798.219,33704.596,26726.1489,54423.8841,57397.7603,79123.03344,98482.52503
Australia,Wallis and Futura Isl.,Import,  All Products,Import (US$ Thousand),,,,,,,,,,,,,24.734,,,0.887,5.548,1.146,,,,17.136,1.6,,,,,,,0.846647964,13.86743974,12.79276737,477.249151,11.87224452
Australia,Nepal,Import,  All Products,Import (US$ Thousand),179.138,175.702,365.536,362.529,969.726,1069.369,620.782,658.329,887.601,1388.111,1302.72,1008.742,2306.606,1336.444,1648.885,1659.91,1951.472,2516.61,2377.167,3249.132,4683.337,3912.243,7397.296,4460.274,5102.993,6101.463,6213.32,5351.969,6162.482,6227.00786,6118.684248,6504.343595,6289.283511,9093.672303
Australia,New Zealand,Import,  All Products,Import (US$ Thousand),1423720.428,1605154.866,1693105.771,1751597.094,1848130.078,2024916.037,2444699.219,2656792.599,2839261.056,2717431.209,2365280.182,2601350.445,2739145.619,2583996.12,2798753.107,3441888.872,4026720.223,4355649.57,4359326.679,5506315.677,6717550.891,5327364.758,6887973.885,7829936.653,7528440.984,6996420.141,7081295.835,5726842.608,5626678.111,6059370.801,6046097.77,5527088.065,4939125.044,5197796.665
Australia,Niue,Import,  All Products,Import (US$ Thousand),,,,,2.665,,,,,5.889,,38.989,,2.079,0.627,0.641,,1.375,3.663,30.203,16.553,34.467,10.003,22.228,6.387,1.631,45.121,9.109,31.486,5.505324228,1.263265569,14.06194474,241.4210633,199.5255697
Australia,Northern Mariana Islands,Import,  All Products,Import (US$ Thousand),,,,,3.765,52.517,22.113,83.087,102.492,231.96,397.43,86.163,132.142,99.324,94.965,217.193,264.503,59.791,3.549,55.474,79.033,12.859,7.789,1.493,,1.694,35.759,3.264,3.13,0.897538702,10.57820633,1.56256498,21.88741608,77.59952448
Australia,Philippines,Import,  All Products,Import (US$ Thousand),103240.526,135240.861,98499.774,103993.279,120242.425,125732.099,169226.181,170696.882,220367.239,278671.862,246614.038,267140.889,326084.799,274286.908,436204.649,550665.65,566951.499,599849.507,608326.465,705095.304,645561.834,377456.362,466226.07,450303.078,505354.125,686527.517,1060786.8,558442.951,578916.656,525103.916,547897.7785,519132.1404,442246.1897,614942.2065
Australia,Samoa,Import,  All Products,Import (US$ Thousand),2497.572,1147.602,1427.296,2748.885,25286.452,47349.927,48042.364,50708.288,50221.8,43014.329,35063.554,37560.903,41585.411,49600.18,48333.53,69987.541,64889.58,67887.129,59618.319,80890.585,58756.86,29438.181,42700.698,32555.639,35807.651,1606.537,25566.197,24996.331,24567.737,15325.32082,4175.396146,4518.295491,2228.109292,2937.871472
Australia,Senegal,Import,  All Products,Import (US$ Thousand),1254.566,,,,,,1.172,2.324,11.331,12.397,479.802,211.75,59.927,10.334,189.486,80.542,30.469,243.399,1436.557,2127.287,1121.535,700.53,1439.496,538.302,575.466,273.877,387.969,363.35,1741.61,1549.563058,1263.347165,2952.177889,196326.0265,222341.0393
Australia,Tanzania,Import,  All Products,Import (US$ Thousand),2115.661,781.65,782.814,562.891,695.029,570.395,910.964,2155.774,4403.356,3859.876,3193.551,3679.065,2588.192,5324.106,3934.691,3446.645,2641.887,4028.541,7289.53,4762.143,4036.137,2536.659,6019.096,5986.927,7163.444,5404.13,29409.844,5275.69,4183.374,5698.638494,6169.859617,5921.223862,4691.063556,7813.072669
Australia,Tunisia,Import,  All Products,Import (US$ Thousand),18.089,133.452,169.101,193.084,276.341,175.729,191.925,2530.108,4988.188,1519.258,8667.661,4569.095,2220.727,2276.519,3546.038,3181.737,4028.726,5425.027,6398.28,9785.814,44984.382,12923.97,15227.153,16505.962,17865.837,18226.403,20438.928,21851.933,23720.882,25581.94437,29959.42293,30888.03228,30788.71085,42808.4271
Australia,Turkey,Import,  All Products,Import (US$ Thousand),23695.441,40740.647,24141.936,28270.123,32115.385,25461.053,34627.786,49004.192,56319.707,70343.179,66661.597,77974.089,90760.119,97227.07,119416.907,163549.723,260066.094,288905.329,328169.432,354237.889,433503.867,374523.649,475153.838,478755.303,541847.438,576975.857,680441.042,613151.066,740735.652,630191.1965,712687.0462,711262.1441,778338.4751,942109.1868
Australia,United States,Import,  All Products,Import (US$ Thousand),7041978.725,8837374.635,9142603.341,9144351.268,8947909.633,8899192.629,10848514.03,12256843.95,14052516.8,13370046.02,13290928.2,13422407.91,14255578.35,11729045.53,13340675.5,14194301.26,16111106.63,17460413.22,19664100.04,21252491.89,24256280.1,18669858.04,22561955.88,26797968.73,29386824.37,23820298.82,24148859.08,22560990.95,21703311.76,23612147.22,24487207.09,26089879.4,24813318.14,26614563.29
Australia,Us Msc.Pac.I,Import,  All Products,Import (US$ Thousand),3276.055,911.532,1532.943,1951.773,1979.542,1861.761,2023.986,2022.829,2817.462,4433.064,3425.294,1870.322,,,,,,,,,,,,,,,,,,,,,,
Australia,Vanuatu,Import,  All Products,Import (US$ Thousand),669.731,1087.752,1870.015,923.332,1076.255,1168.561,1148.69,3626.54,629.344,963.031,474.969,607.498,520.85,1945.658,2860.602,4073.772,2690.303,3792.722,2551.601,1949.311,1926.922,498.748,1197.97,1015.592,1806.47,2000.353,1733.384,1901.733,1264.174,1574.856613,1568.42022,1209.635655,823.3269624,2551.241577
Australia,Yemen,Import,  All Products,Import (US$ Thousand),,11071.582,23931.885,45606.677,,18327.649,788.495,,32.085,,7518.732,19407.235,40350.955,35.496,4.152,12.726,11874.791,41202.432,41219.157,16.387,497.293,47.661,216.933,36.295,52.393,28.359,285.491,92.602,16.877,16.66580783,43.16083017,88013.52519,48.54731217,174.3028774
Australia,Zimbabwe,Import,  All Products,Import (US$ Thousand),7737.635,6399.632,10137.798,9968.705,7407.282,7541.624,12143.913,20601.525,14496.702,13212.489,7678.774,9633.666,9367.451,11942.196,7422.612,9883.415,5692.055,2847.093,5177.767,9663.676,1826.981,8325.149,10137.776,6221.066,1091.251,253.686,336.204,773.629,621.904,430.38627,1379.307234,385.5163389,433.8212978,323.4723187
Australia,Antarctica,Import,  All Products,Import (US$ Thousand),,,,,,,,,,,,,,,,,0.521,18.548,16.836,20.575,16.72,5.145,270.972,6.521,,315.873,0.924,2.615,66.954,14.613294,2913.667959,233.7610306,7.423680404,2.862132323
Australia,Belgium,Import,  All Products,Import (US$ Thousand),,,,,,,,,,,,440068.03,484826.177,458783.293,574975.068,815738.374,938313.812,1084188.749,1220170.675,1424284.338,1704505.801,1281070.218,1483769.275,1706000.319,1709397.606,1621000.702,1573565.546,1241877.38,1279454.518,1569489.34,1618242.444,1333270.284,1348063.739,2501294.908
Australia,British Virgin Islands,Import,  All Products,Import (US$ Thousand),4.86,15.471,114.735,,,5.959,763.737,11.902,8.164,8.23,289.385,690.888,283.583,637.7,3189.628,2229.093,1241.205,1384.152,4217.806,4238.791,2483.039,3032.43,3102.613,3428.904,3827.5,4851.848,6827.592,7585.034,4189.124,5231.27063,4759.094503,1985.778248,239.4438083,160.5100023
Australia,Bunkers,Import,  All Products,Import (US$ Thousand),,,,,,,,,,,,,51.19,404.516,134.298,,,,,,,,,,,,,,,,,,,
Australia,Chile,Import,  All Products,Import (US$ Thousand),21946.699,44904.44,43521.881,28082.368,27006.299,22222.276,37131.708,74517.009,78109.12,66265.235,40075.293,38924.871,54178.048,48943.768,55627.467,102339.291,84045.651,117719.188,127115.22,307459.761,616984.641,506517.567,888080.649,968649.22,1237774.346,967634.91,851472.056,656657.131,397413.188,368739.6234,371904.2379,399914.0827,384497.6566,503717.2078
Australia,Christmas Island,Import,  All Products,Import (US$ Thousand),2838.395,,20.554,,42.759,530.712,598.613,1642.127,2346.375,4780.55,5555.429,3449.837,5878.717,3857.02,5115.293,2676.062,1777.799,4408.481,4636.8,7166.844,16977.264,,3017.691,6642.898,6584.884,2430.821,5832.54,936.267,2126.913,1321.984458,1296.209411,1721.848499,12.82050097,26.28826029
Australia,Colombia,Import,  All Products,Import (US$ Thousand),4959.851,5943.542,7128.544,6604.118,7909.619,7871.68,9020.929,12148.336,13301.206,15892.303,11149.343,10988.988,11869.445,10383.979,15632.276,17000.51,22215.839,22681.515,20307.359,20198.092,28720.314,24614.838,40043.362,48221.093,46798.675,51382.976,62457.424,61121.218,56735.402,84100.58316,74384.28136,84350.78297,83288.38582,117433.239
Australia,Ethiopia(includes Eritrea),Import,  All Products,Import (US$ Thousand),923.422,682.573,264.165,480.984,396.742,,,,,,,,,,,,,,,,,,,,,,,,,,,,,
Australia,Finland,Import,  All Products,Import (US$ Thousand),232632.741,248937.114,234560.759,227332.28,248862.821,294964.55,363000.148,546912.496,446124.881,500014.31,388001.885,393870.008,453655.601,421581.475,393280.77,455897.581,578154.37,685262.713,649083.186,804266.407,950714.348,614413.87,715994.677,995505.087,953929.204,784787.192,687892.378,543422.921,570177.033,671154.0921,854683.6673,942547.7874,997209.6553,1114142.02
Australia,France,Import,  All Products,Import (US$ Thousand),794563.295,958888.177,889082.499,998888.885,1065747.185,985296.731,1187345.741,1389854.039,1510984.499,1388577.955,1323683.167,1402508.208,1426364.561,1410072.312,1846417.851,2584481.894,3356616.322,3928617.376,3212763.879,4068883.665,4382430.994,3321695.391,3641157.427,3867853.788,3946471.398,3843813.258,3830336.26,3282335.384,3359907.915,3793210.6,4078329.347,4349030.476,4150064.834,4632945.952
Australia,French Polynesia,Import,  All Products,Import (US$ Thousand),489.1,221.256,364.671,1044.115,175.805,274.499,1268.065,1535.224,3131.956,5120.567,4367.326,3667.146,2924.072,1506.744,3923.904,2139.901,2530.532,2405.491,2988.776,5685.541,5639.08,2386.586,3606.965,3594.379,2799.906,1699.351,1671.469,2142.116,1314.98,1595.548821,1132.671627,2461.071229,903.4191148,1686.010515
Australia,Gabon,Import,  All Products,Import (US$ Thousand),2.854,,,,,,,9323.548,14291.082,,12346.178,11447.652,1.742,77.917,32060.417,151.645,156.968,108285.638,450.038,102.379,135.976,377.616,382542.611,938478.039,1160282.133,942566.553,1066470.249,460803.212,438086.314,475310.5693,367584.2377,59402.29221,80882.53015,128879.3895
Australia,"Gambia, The",Import,  All Products,Import (US$ Thousand),,,,,,,,0.567,1.782,0.804,,3.577,5.436,3.528,11.129,1.48,9.194,12.81,41.261,34.698,203.486,67.996,5.252,39.01,38.28,53.318,197.338,1.955,6.951,16.10875477,35.57982464,9.380207373,52.58591229,13.00103254
Australia,Haiti,Import,  All Products,Import (US$ Thousand),225.028,297.642,280.33,177.629,213.746,78.206,63.076,5.22,12.349,19.678,9.932,8.723,6.953,8.706,21.925,596.837,821.79,1239.221,914.443,1745.511,1295.168,1535.414,1577.707,1662.373,1969.047,1660.95,1214.681,1673.918,1669.124,2057.057181,2224.012814,2502.733822,1730.978422,1904.045834
Australia,Honduras,Import,  All Products,Import (US$ Thousand),240.719,6565.535,4125.32,19.268,109.43,119.482,890.93,1083.076,636.692,554.766,601.006,539.884,1255.025,1958.592,2653.814,3405.398,5007.549,8268.193,8958.368,9813.501,10298.172,10858.337,15483.885,21030.527,20946.221,31522.318,55496.091,38643.39,19520.016,32063.43727,62579.65748,52048.59606,52065.8267,55282.32419
Australia,"Hong Kong, China",Import,  All Products,Import (US$ Thousand),662299.805,682869.957,608136.04,581873.989,585572.447,517256.245,615904.076,750961.084,707963.061,734734.164,747989.336,780296.653,775703.486,758939.392,747240.88,779715.022,978324.599,1058263.517,1292509.194,1229455.192,1274160.697,985978.924,1091843.464,1173821.323,1233536.499,1173728.586,1077903.505,903757.748,691601.255,590670.6681,768304.9274,416336.0151,857408.1682,661755.6362
Australia,Kenya,Import,  All Products,Import (US$ Thousand),6557.407,5190.697,4366.555,5968.223,5800.949,6421.959,7486.229,8706.116,10398.293,11323.149,11233.507,12855.26,11293.252,11384.235,12888.59,13913.378,11302.006,12295.063,13460.448,14309.082,9874.102,9829.997,18062.821,13490.387,15042.452,28494.327,31253.901,32440.872,22585.971,30747.46839,34343.05785,33368.33456,26819.79827,34257.29277
Australia,Kyrgyz Republic,Import,  All Products,Import (US$ Thousand),,,,,40.8,222.663,870.613,306.213,269.212,166.239,76.323,83.143,491.27,123.729,57.295,38.792,136.742,104.031,246.064,363.952,1125.255,72.276,42.178,190.407,149.311,72.408,235.618,46.657,39.714,230.1565146,189.2612585,440.9377546,29.23974898,105.3334074
Australia,Luxembourg,Import,  All Products,Import (US$ Thousand),,,,,,,,,,,,,,,,1062.293,1672.396,2031.543,10266.553,21507.398,20565.581,27889.998,26373.509,25550.48,29545.034,43525.803,16580.887,18439.448,16249.447,24847.14314,23000.82631,24333.92728,19986.5549,26595.36198
Australia,Mexico,Import,  All Products,Import (US$ Thousand),55607.082,73089.176,71654.149,63713.938,60929.674,66450.018,81028.524,114614.122,127420.484,140693.204,214200.407,242825.836,281025.874,338668.126,295920.571,405568.611,532685.285,685257.259,840600.578,1004909.173,1230013.048,1002823.413,1373103.023,1835686.716,2045944.349,2012584.325,1774158.588,1845130.732,1866883.025,2216844.846,2410024.87,2196044.314,2097822.007,2708790.309
Australia,Mongolia,Import,  All Products,Import (US$ Thousand),,11.365,0.577,,,52.063,52.843,1.942,,102.715,118.907,3.125,4.887,1.021,108.589,284.207,209.663,135.103,324.653,534.203,154.662,302.426,137.77,601.365,875.73,449.193,274.992,7269.256,1274.926,412.1697063,1080.364843,1750.03926,396.1832979,439.8775714
Australia,Nicaragua,Import,  All Products,Import (US$ Thousand),223.253,202.754,78.021,435.05,250.878,284.369,444.587,540.285,238.938,693.104,853.349,738.037,690.706,996.209,978.084,2254.003,3584.767,2661.611,4064.313,8006.642,6924.781,8602.834,8764.17,9929.882,13876.048,12876.615,13695.875,12831.402,16005.683,17962.34161,14918.28572,14848.50432,12183.94694,18727.66685
Australia,Portugal,Import,  All Products,Import (US$ Thousand),41657.616,48892.794,43066.231,46323.9,42423.409,42654.983,50845.933,60208.043,78789.943,83052.111,81069.947,99218.09,104166.083,94151.688,124979.495,136055.449,141592.942,130159.071,108674.158,154599.696,145764.152,102521.406,129722.186,152824.632,161067.266,133505.189,137079.944,142743.515,155691.263,197342.1319,234087.4241,203603.2028,220625.0307,315273.3006
Australia,Romania,Import,  All Products,Import (US$ Thousand),33222.863,21734.822,8156.445,5591.791,5341.084,5807.423,8433.446,9064.768,8114.4,5981.222,4394.193,5275.694,6376.076,7072.556,8218.634,14765.91,24395.215,28824.462,21821.372,36057.008,70549.038,43364.666,47463.91,67632.216,70008.315,77090.429,107418.822,101209.83,187414.096,138023.3175,166341.4055,156511.0595,170157.5392,212162.1475
Australia,Singapore,Import,  All Products,Import (US$ Thousand),707084.214,912727.915,870478.425,1016440.725,936019.562,1045594.77,1450653.048,1784022.691,1985246.205,1774071.454,1641109.548,2620046.07,2234450.518,2138126.581,2425588.9,3031477.624,4796864.096,6902212.946,8433882.12,9182734.39,14230994.42,8792367.339,10079072.91,14596108.72,15010975.33,12144185.12,11396038.07,6959026.556,5219371.655,6377954.538,8716199.558,7860436.397,5769680.453,9783215.871
Australia,Somalia,Import,  All Products,Import (US$ Thousand),52.712,81.589,,2.538,,,0.744,,1.83,,,0.984,1.427,5.705,0.781,3.544,47.536,8.745,37.736,172.308,6.843,93.687,235.432,42.639,20.057,38.178,51.873,13.516,358.855,120.5390803,168.364295,118.9597689,110.2958669,50.9873969
Australia,Soviet Union,Import,  All Products,Import (US$ Thousand),21215.315,29628.775,27902.811,23589.713,,,,,,,,,,,,,,,,,,,,,,,,,,,,,,
Australia,Sudan,Import,  All Products,Import (US$ Thousand),,,,,,,,,,,,,,,,,,,,,,,,,137.502,196.256,172.587,691.7,547.242,96.23356146,96.99895425,392.4133285,76.29978564,134.5543577
Australia,Tuvalu,Import,  All Products,Import (US$ Thousand),28.476,90.782,126.163,154.603,71.993,7.029,,11.487,,,,26.808,12.064,7.964,8.427,2.31,2.195,80.763,841.125,438.92,803.491,594.034,442.034,200.872,334.208,394.434,262.25,404.269,99.949,140.1316737,86.08221244,120.4097164,22.42595161,85.50004152
