Reporter Name,Partner Name,Trade Flow,Product Group,Indicator,1989,1990,1991,1992,1993,1994,1995,1996,1997,1998,1999,2000,2001,2002,2003,2004,2005,2006,2007,2008,2009,2010,2011,2012,2013,2014,2015,2016,2017,2018,2019,2020,2021
North America,Albania,Import,  All Products,Import (US$ Thousand),2.812,6.913,3581.407,5545.363,8150.771,6665.019,10966.355,11277.73,12595.221,13209.237,9690.713,7869.901,7621.197,6540.511,5642.725,14314.862,39896.157,26453.354,12058.245,15688.785,19288.168,36953.823,34173.314,24110.679,28966.875,77044.838,169626.1832,132310.2449,53101.47353,79918.62024,69606.63973,56388.38378,80834.75804
North America,American Samoa,Import,  All Products,Import (US$ Thousand),,,,,,,,,,,,124.55,97.306,252.298,1455.509,368.737,577.481,566.279,1839.571,220.029,319.064,292.499,573.68,546.503,151.785,220.376,413.2795038,914.6303213,560.0803267,654.5116827,1060.487518,517.863682,536.375569
North America,Belize,Import,  All Products,Import (US$ Thousand),7482.961,9087.799,54270.232,67444.073,66388.83,67152.525,64488.636,78395.679,91468.257,75927.326,93846.466,100199.009,99799.517,87557.617,109311.103,119558.006,112132.74,164311.818,123674.277,173730.478,114116.631,136120.704,207575.124,165065.916,129568.634,105057.684,84367.62065,59584.062,282015.0505,230514.9555,61191.00599,55125.71941,72588.24256
North America,British Virgin Islands,Import,  All Products,Import (US$ Thousand),62.535,,2448.907,3380.591,14479.806,15358.14,12083.409,8070.367,17463.475,8360.261,23802.41,31868.864,12722.195,42017.49,37399.574,19523.321,36280.969,31173.371,45572.224,23668.315,6904.449,19821.495,7533.351,14497.016,33805.991,13337.695,17983.0862,32103.65534,9205.544407,20996.38986,6352.254712,9401.498034,4712.564487
North America,Cape Verde,Import,  All Products,Import (US$ Thousand),63.186,124.519,5.472,57.444,90.175,127.003,294.871,416.134,559.681,195.669,118.856,4220.89,1501.407,1978.956,5964.456,4022.058,2825.499,1993.347,2262.79,505.102,962.048,1551.224,1658.577,3982.417,2403.532,1868.841,2357.819221,4268.462515,3740.395555,3899.595521,4059.619623,5101.075834,5978.957791
North America,Cayman Islands,Import,  All Products,Import (US$ Thousand),29.791,4.151,19072.511,11648.633,36895.319,53835.852,19259.407,19097.342,20875.3,19327.946,10734.498,6917.977,24572.654,11372.014,13714.342,14486.636,56097.897,17536.918,24275.816,15894.368,15310.863,12473.149,19964.123,15534.008,32463.788,25705.021,98849.40737,88835.72458,56859.7352,38089.53998,50708.44717,23649.07959,47461.13599
North America,Chad,Import,  All Products,Import (US$ Thousand),,,244.73,298.101,338.24,2015.342,3482.676,7504.994,3156.803,7960.337,7431.647,4588.244,5767.35,6355.132,24752.873,827972.148,1583652.16,2021298.251,2239894.091,3471023.311,2060108.141,2110900.713,3248524.685,2775646.688,2459411.733,2379036.997,1360008.432,957741.6893,543356.5965,495167.4722,135865.2948,3722.601834,4274.252853
North America,Chile,Import,  All Products,Import (US$ Thousand),147134.736,154229.472,1682303.296,1793220.704,1853996.352,2245278.128,2400382.148,2831472.432,2862531.196,3054337.712,3571370.208,3642963.875,3909140.882,4781056.948,4959848.485,6426448.839,8818008.139,11926622.91,11360299.04,10671790.02,8142769.141,9507257.109,11666586.02,11045616.86,12090911.1,11825342.63,11028461.33,10819409.45,12848419.13,13596663.98,12390841.37,12125827.91,17399296.72
North America,Curaçao,Import,  All Products,Import (US$ Thousand),,,,,,,,,,,,,,,,,,,,,,,585244.27,850849.45,402295.24,381829.878,344084.2165,267782.7597,165746.2353,110158.9763,73510.57463,29544.09846,43756.046
North America,Czech Republic,Import,  All Products,Import (US$ Thousand),,,,,335156.42,378636.452,440585.039,575019.784,718626.982,779376.072,868295.64,1178939.377,1223234.28,1408344.769,1584591.982,2019625.595,2539639.534,2756744.945,2822443.748,3016747.042,2215187.642,2843000.599,3830525.616,4342996.972,4357253.568,4929849.992,5102528.78,4954452.528,5218859.516,5761874.773,6327522.487,6218031.972,7295443.15
North America,Ethiopia(includes Eritrea),Import,  All Products,Import (US$ Thousand),7191.565,4976.811,20399.009,12609.598,,,,,,,,,,,,,,,,,,,,,,,,,,,,,
North America,French Polynesia,Import,  All Products,Import (US$ Thousand),2.201,61.371,13241.723,11287.593,8601.294,14671.049,14276.999,17599.909,36905.36,34906.537,44505.949,45241.323,48583.484,47392.655,50716.598,70379.251,63007.401,61407.892,65498.168,74474.134,31201.644,55435.199,56748.523,60253.324,37144.468,45030.937,47980.8279,38004.84077,52875.9182,41292.6918,57657.76098,23326.51052,86699.0425
North America,"Micronesia, Fed. Sts.",Import,  All Products,Import (US$ Thousand),,,,13999.407,15017.09,14200.98,13880.589,12194.476,12955.83,13533.25,10829.851,13728.895,20769.057,16263.385,15455.83,12214.772,1651.443,1244.801,5617.654,5308.853,5879.939,6204.935,2236.067,903.581,1786.725,427.961,761.811,582.535,963.148,923.143,1850.499,2988.784,2613.338
North America,Montenegro,Import,  All Products,Import (US$ Thousand),,,,,,,,,,,,,,,,,,374.021,6461.876,1288.37,17110.652,4580.76,5134.035,4373.672,2289.754,3296.686,2701.403778,2489.203783,5122.664201,8045.627873,3657.469834,9446.010631,17388.86552
North America,Nauru,Import,  All Products,Import (US$ Thousand),184.604,105.592,810.173,383.934,172.878,79.477,47.37,485.218,147.079,169.493,239.153,2421.349,166.371,710.017,521.659,183.431,1035.136,323.224,670.129,914.606,247.394,285.459,377.453,619.354,856.471,627.768,812.1680181,1298.162178,1731.378451,3190.334151,4425.728768,3813.722621,2485.342307
North America,New Caledonia,Import,  All Products,Import (US$ Thousand),3045.304,943.414,21789.228,16391.147,26186.103,24825.25,45029.332,68618.008,68029.803,21009.216,10257.785,31804.572,14686.74,10080.61,13183.591,20783.226,28690.354,52200.319,80571.325,51609.054,28167.92,72480.925,93304.381,57950.369,69881.234,86877.213,49473.36449,45071.75753,70080.30355,58795.08,46108.61283,31968.08232,46034.58134
North America,Philippines,Import,  All Products,Import (US$ Thousand),172972.592,172906.464,3891253.84,4851764,5474360.608,6369167.584,7726928.597,8902011.424,11321352.61,12981125.31,13539674.88,14879598.92,11958367.43,12134622.15,11193433.72,10309079.65,10456780.7,11026074.26,10528798.91,9875197.648,7709297.873,9164117.248,10406860.27,10572863.65,10373492.47,11616253.14,11725548.09,11396364.59,13031362.17,14058773.46,14401022.13,12393929.49,15695013.04
North America,Andorra,Import,  All Products,Import (US$ Thousand),,,209.67,64.876,145.855,122.616,265.488,2637.802,298.822,140.558,134.89,343.82,275.755,1053.344,474.576,1279.183,800.278,2914.353,550.637,1050.719,714.493,921.19,1083.197,1746.708,1733.776,1346.937,5102.15874,7049.655473,14371.78118,16520.64473,12740.74895,5605.376061,8341.896485
North America,"Bahamas, The",Import,  All Products,Import (US$ Thousand),26955.962,50588.28,520511.224,648616.128,393482.788,252431.554,183512.511,195430.062,185545.443,168634.392,224658.46,284443.376,322790.924,479346.28,534378.537,710488.145,772361.416,495955.317,582258.429,695842.061,872104.568,895879.649,810092.461,710262.556,703173.753,640095.254,512316.2979,320360.5393,499641.2959,493820.0253,440951.0784,302798.9787,478495.9517
North America,Belarus,Import,  All Products,Import (US$ Thousand),,,,29612.208,39978.318,64661.535,55941.834,60631.652,74835.496,113830.33,101741.434,105587.992,111474.273,143557.104,244321.109,383924.622,397767.816,610103.919,1147889.03,1152158.847,627527.07,235534.101,410274.685,273323.552,138470.605,185057.544,193959.1751,215971.4786,325299.4801,475801.0999,450756.3058,372364.8799,531129.3184
North America,Benin,Import,  All Products,Import (US$ Thousand),,,24988.436,10258.025,16931.872,11350.696,10874.365,19567.625,9058.15,4423.353,20300.294,2464.96,1335.585,789.326,688.542,1641.084,579.686,651.851,5345.495,32864.873,476.794,312.911,2041.812,2759.429,3164.789,5547.739,5125.488043,7468.739772,18401.95732,20445.5273,9617.514444,6268.399925,8979.223696
North America,Bolivia,Import,  All Products,Import (US$ Thousand),5576.747,19542.3,220774.921,170379.741,204388.114,278224.928,286893.919,296723.171,243007.071,243037.248,237123.337,195809.608,173134.483,175992.704,200764.354,290465.907,328094.198,420886.643,475553.483,598651.22,602504.365,833261.089,1155375.241,1932916.774,1477915.422,2181112.721,1163866.223,1136637.801,785221.0904,741891.9118,657865.7804,580251.2624,796680.4931
North America,Burkina Faso,Import,  All Products,Import (US$ Thousand),67.427,4.599,597.367,195.821,465.002,528.383,461.684,4111.103,1046.041,709.729,3558.424,2558.262,5575.752,2959.198,1034.181,756.616,2340.336,1126.079,1803.592,767.421,14062.418,24559.076,8944.266,10002.092,6486.041,50133.739,32106.82326,36140.63977,5704.467834,17181.64232,18998.92721,39726.99967,5999.227954
North America,"Congo, Dem. Rep.",Import,  All Products,Import (US$ Thousand),16031.204,8302.003,343582.076,303020.272,257114.788,214542.115,305971.572,275090.641,302268.654,180487.472,237680.933,214825.046,154043.496,211113.992,183378.621,132317.68,271394.534,86715.724,209270.127,271361.189,339480.706,546945.956,624105.671,42556.138,79237.119,181421.285,212108.8053,200232.3401,117431.3878,133606.3103,111530.6364,142722.2806,476218.9957
North America,Cyprus,Import,  All Products,Import (US$ Thousand),1254.905,1470.519,14328.254,12741.791,17805.181,20272.888,15340.736,21262.706,18398.813,36509.346,36231.068,25068.011,44288.679,28596.82,27812.017,28650.117,46665.396,58271.461,20740.266,17641.467,55509.363,14747.366,24978.693,33067.235,47218.792,68586.032,36577.48509,57799.52436,51429.62835,73264.63894,79752.17707,63255.98411,72370.90897
North America,Ecuador,Import,  All Products,Import (US$ Thousand),90459.76,126770.424,1643790.304,1583880.16,1663771.648,2030299.72,2258473.061,2215761.736,2382297.731,2119097.08,2144878.408,2319756.386,2096328.988,2490524.892,3132332.222,4786282.701,6309131.818,7686764.494,6743823.702,9699469.048,5815836.441,8043179.916,10260280.55,9746362.136,11776646.4,11549025.04,8169997.201,6699022.024,6921586.938,7247265.22,7521950.253,6565441.305,8950522.663
North America,"Egypt, Arab Rep.",Import,  All Products,Import (US$ Thousand),4510.453,8050.747,233922.108,514331.616,735648.608,603827.589,667634.612,727925.849,715858.958,722021.31,677528.206,912395.696,909218.089,1457630.882,1301416.978,1544805.181,2338443.822,2696255.527,2696111.982,2615169.518,2269839.116,2644922.187,2616527.286,3522535.374,2218827.239,2041628.687,2059882.089,2341311.761,2482586.336,3286149.322,4091719.317,3254181.41,4527624.449
North America,Estonia,Import,  All Products,Import (US$ Thousand),,,,13698.067,22609.713,34595.64,78192.783,70497.933,92275.507,157546.558,293940.12,630017.492,300728.065,209610.484,227569.395,450307.513,593018.922,603051.712,364969.787,446929.726,187987.384,759703.618,1087374.045,554942.395,502686.252,661828.461,601728.2895,1143761.771,689414.9336,1152314.944,1126621.611,1187590.434,2099086.289
North America,Fr. So. Ant. Tr,Import,  All Products,Import (US$ Thousand),,103.622,178.001,85.977,11.372,,432.583,513.498,0.692,1105.496,10.391,52.2,202.559,7.356,85.443,97.321,78.578,98.517,592.553,563.705,147.51,22.851,96.722,28.83,186.49,1289.809,15.74970307,79.40861738,141.4579409,28.60048385,153.6381253,75.852331,169.892826
North America,France,Import,  All Products,Import (US$ Thousand),1705594.88,2085678.08,16099438.34,17487192.58,17441360.64,19207684.48,20053231.55,21698765.57,25062609.55,28070304.51,30125713.66,32636432.11,33988753.1,32591468.04,33521023.08,36517653.38,38903976.37,42652787.26,47258029.19,50602019.38,39544530.17,44267177.27,46414136.69,46821265.85,51042477.01,53148438.37,54197360.29,52251697.08,54833589.14,59184515.59,65144158.62,48711190.17,57364951.67
North America,Georgia,Import,  All Products,Import (US$ Thousand),,,,8479.654,22552.453,1680.269,11921.635,8218.808,7736.294,16287.481,19743.443,32327.411,36088.784,19275.974,62668.796,92424.138,245304.663,166753.415,266255.445,363572.38,190090.16,331149.365,298305.119,332415.994,261979.385,476373.49,267235.0903,144370.1512,167211.6479,206560.8138,168885.4056,173529.169,223180.5034
North America,German Democratic Republic,Import,  All Products,Import (US$ Thousand),5629.517,,,,,,,,,,,,,,,,,,,,,,,,,,,,,,,,
North America,Heard Island and McDonald Isla,Import,  All Products,Import (US$ Thousand),,,,,,,,,,,,152.917,190.97,139.825,98.928,428.987,19.056,98.325,48.882,15.46,4.344,17.511,16.917,43.894,1.067,38.627,23.56411827,22.52615631,344.1888007,105.4919125,189.0705093,21.4363,150.837576
North America,Honduras,Import,  All Products,Import (US$ Thousand),21475.71,11338.488,630690.296,869097.368,999041.06,1203925.58,1577937.791,1937532.848,2478012.099,2714745.88,2851450.596,3134175.871,3207259.42,3475484.689,3524807.12,3905477.918,4026194.083,3998267.937,4217883.798,4377040.644,3612202.176,4250974.688,4881133.898,4866715.344,4771102.952,5079425.384,5270838.232,5134439.418,5109401.48,5233355.638,5416097.111,4360794.394,5799169.454
North America,Rwanda,Import,  All Products,Import (US$ Thousand),1116.218,1514.495,7973.437,5503.141,4261.782,1748.37,2066.351,9223.743,4185.589,5533.688,3826.282,5065.517,7222.292,3864.667,2864.725,5843.777,6997.576,9449.776,13440.374,14739.362,20060.572,22602.489,33286.664,35012.975,26315.109,42686.22,47753.94288,27897.75222,45595.80565,70327.53367,49385.43487,35346.62931,33476.36097
North America,Samoa,Import,  All Products,Import (US$ Thousand),10.781,,1237.233,818.507,1323.9,282.01,604.356,1394.887,5114.846,9147.812,7297.622,5581.313,7430.377,8002.439,5431.083,5964.939,8953.49,5024.326,6439.074,5168.637,5252.738,4037.578,3344.846,2491.435,4614.491,5959.956,4715.50292,6068.204987,5620.847105,7751.9539,8019.646626,5433.219096,10197.85848
North America,Senegal,Import,  All Products,Import (US$ Thousand),588.638,6008.33,14990.968,15491.221,14506.014,12890.959,8101.534,7203.274,9886.551,6296.555,12081.812,12293.145,104454.257,4539.204,5690.7,3799.305,4575.033,22813.385,22352.884,19883.094,8504.687,6586.498,8172.928,17679.556,19657.783,29183.199,81527.95928,61055.16611,77986.109,134831.7547,140567.9866,109955.9846,158651.5695
North America,Slovenia,Import,  All Products,Import (US$ Thousand),,,,105143.472,243169.824,279737.408,343108.784,345079.936,319413.5,341970.928,319476.426,342996.728,313160.062,357315.89,536414.318,572499.425,482775.723,566642.847,582998.093,560457.596,476656.961,574822.358,666753.624,704884.294,701099.793,835569.842,814377.7404,900664.5492,918067.5328,1024798.861,1153370.792,1398868.889,1790752.848
North America,Syrian Arab Republic,Import,  All Products,Import (US$ Thousand),128.39,54.345,39179.504,46344.906,183200.084,72693.387,84938.069,37568.055,30904.978,55400.889,102524.319,189056.604,198198.13,205362.387,337327.64,315788.263,369349.016,251451.558,194377.992,426969.916,325795.907,461491.947,447067.07,22329.9,20932.909,13482.61,7630.310136,8249.626395,8380.197678,7752.161332,8416.035923,13033.58903,12458.87785
North America,Turkmenistan,Import,  All Products,Import (US$ Thousand),,,,1405.456,2181.997,1839.579,1295.909,540.758,2319.469,2984.101,9096.801,28164.33,46277.595,71087.158,86202.243,90041.227,148868.176,86463.235,235245.976,149606.546,96927.913,51411.704,45848.159,91248.33,32208.733,22958.469,60818.91215,19220.60144,14838.7482,12089.68456,17373.32966,24301.46706,25714.21833
North America,United States,Import,  All Products,Import (US$ Thousand),74532782.08,75233697.79,75265212.42,79822733.31,88041701.38,100226302,110261027.4,114535727.1,133547617.5,137306128.4,144425238.5,154497368.4,140999710.4,139278667.4,145755350.5,160827006.7,178395769.9,192942436.2,207257607,214861874.7,164951309.1,198242763.7,223797589.4,234676892.5,241298818.2,252504365,223783972.8,210601541.4,223289538.9,235864280.6,230854904.5,198602739.9,239784269.1
North America,Uruguay,Import,  All Products,Import (US$ Thousand),66857.816,38923.004,269226.532,297468.676,282150.624,196868.636,196098.848,248896.992,287992.408,306545.356,268934.904,392512.922,316954.705,233418.748,367806.046,722098.912,892630.562,595767.109,613028.622,291851.603,302492.983,299178.83,345776.112,430248.045,493200.406,571510.341,701929.6862,629221.0155,668307.6736,582049.6643,592430.0554,674235.3222,735881.4328
North America,Venezuela,Import,  All Products,Import (US$ Thousand),503950.208,494664.512,9146280.768,8913440.064,8979347.36,9361150.528,10926056.57,14251397.54,15093015.93,10639764.48,12632509.82,19573070.08,16125698.21,16598530.56,18575806.33,27285706.97,36883932.28,39558453.34,42492420.81,54007580.27,29675963.8,34144508.17,44647693.62,38972633.75,32337567.79,30895166.73,16307173.88,11457045.26,12764354,13532003.39,2030459.017,189074.6342,338547.4953
North America,Angola,Import,  All Products,Import (US$ Thousand),74965.128,48684.916,1951511.024,2435916.715,2254631.134,2213061.952,2398994.719,2976562.672,2935823.667,2461922.392,2574622.861,3583582.078,3121655.947,3283520.887,4508944.209,4796837.636,9121287.78,12708978.08,14043779.02,22105052.37,10910282.81,13849858.85,16302620.95,11754570.94,10250234.93,6903866.79,3437209.186,2979531.938,2817073.684,2769462.469,1005352.058,497384.6349,1089566.966
North America,Antigua and Barbuda,Import,  All Products,Import (US$ Thousand),310.375,155.428,4810.671,6156.977,16634.299,5842.032,5214.275,10277.459,6174.672,3913.767,2235.948,9279.684,3961.306,4356.68,14082.91,5210.867,5072.952,6303.606,9495.15,10203.347,9940.528,6033.722,7137.257,11394.55,10218.869,8353.827,7336.416485,21394.18771,22346.01509,17624.72173,12268.10696,6555.001216,35032.23454
North America,Aruba,Import,  All Products,Import (US$ Thousand),,,106040.608,219671.36,481715.936,488874.336,466791.494,590960.576,652103.378,498407.808,708772.352,1535548.964,1034387.318,808918.379,1007410.247,1896635.092,3072050.027,3056426.055,3185205.228,3403011.931,1389529.786,20706.473,3330746.286,826780.206,46236.829,75168.897,97905.89983,35224.91991,58506.84754,31818.47805,20967.52854,34812.76963,29029.49915
North America,Australia,Import,  All Products,Import (US$ Thousand),521185.664,656521.088,4851281.024,4571802.752,4339341.12,4245663.36,4495678.404,5064489.856,5749812.158,6561987.84,6402833.792,7468368.416,7519573.469,7913787.959,7882573.778,9318801.305,9102933.522,9948142.041,10621218.42,12477410.05,9651089.075,10368099.64,12150090.87,11440015.9,10642877.67,12066391.74,12279188.37,11068931.64,11630769.82,11829225.99,12775749.63,16083350.91,13645549.74
North America,Bosnia and Herzegovina,Import,  All Products,Import (US$ Thousand),,,,10311.454,8072.669,4708.258,3509.661,10929.914,9020.413,8057.88,16953.508,18501.158,12907.136,18503.604,15595.907,15228.932,75036.11,30375.6,31344.601,33706.52,33487.309,34518.687,63184.707,64493.856,72803.646,101781.503,98338.48272,97059.87656,105931.4219,122411.5466,120551.7597,111566.3639,196129.1619
North America,Bouvet Island,Import,  All Products,Import (US$ Thousand),,,,,,,,,,,,0.209,0.973,1.202,6.053,0.165,31.801,7.958,2.35,223.683,6.45,0.038,24.335,3.121,0.099,46.634,4.991295372,0.274666301,3.747251172,1.75616441,0.251723242,0.68896,0.188216
North America,Cameroon,Import,  All Products,Import (US$ Thousand),1308.321,1876.565,142724.986,91544.03,110964.432,68229.824,60293.44,71364.668,69204.917,69564.358,99322.219,197128.995,114859.907,190299.634,231578.77,346199.922,179884.732,297575.846,321428.417,646184.358,271665.107,316231.633,350704.789,319330.958,375681.36,300638.714,148382.5512,168396.3423,132862.6224,236613.3114,358773.3458,462276.6551,228113.6336
North America,Canada,Import,  All Products,Import (US$ Thousand),,,93585006.59,101241397.2,113580384.3,131916202,148304418.1,159691178,171361914.7,177916428.3,201433186.3,235354311.9,220822526,215837554.9,227944431.2,263011356.7,297348009.6,310753912.8,321037767,342656670.7,230569845.3,284342644.7,322003021.3,326503113.2,334513201.1,357623765.8,305164478.8,285954800.9,308857330.3,325780872.7,330153356.1,279188429.7,367714749.3
North America,Comoros,Import,  All Products,Import (US$ Thousand),3.161,2.123,9707.533,10932.392,9751.643,6665.721,2682.155,6383.969,2677.247,883.535,1794.842,3568.468,10774.32,5554.135,4844.781,16667.26,1568.868,1701.19,604.103,1031.97,1220.898,1895.874,1977.669,2375.056,3105.966,2327.229,1311.443984,2720.927231,5164.360702,3205.897854,2585.468197,4041.456814,6414.822764
North America,"Congo, Rep.",Import,  All Products,Import (US$ Thousand),,,449574.606,547108.669,541385.496,434633.878,224192.98,337022.634,507347.911,349633.854,442657.979,533153.3,475168.639,191698.241,457951.917,902261.227,1695516.295,3186258.481,3185899.527,5202076.606,3190703.475,3437641.353,2462750.983,1490527.539,1169273.06,439711.353,327900.5975,194276.4286,136028.4409,446704.323,588583.4016,142130.2018,56737.25908
North America,Costa Rica,Import,  All Products,Import (US$ Thousand),48729.264,49359.208,1338845.912,1650687.304,1772040.56,1886091.472,2116798.599,2228679.808,2623044.92,3062885.584,4286140.52,3661834.651,3008051.489,3496591.91,3796572.314,3747690.607,3890471.159,4428478.836,4553616.368,4545460.288,6119806.497,9357494.256,10848446.43,12560755.37,12488611.27,10288901.66,5111006.619,4958880.827,5226254.39,5556860.803,5860019.136,6047310.691,7318378.492
North America,Eswatini,Import,  All Products,Import (US$ Thousand),,,,,,,,,,,,53895.61,65758.412,124590.096,175376.921,211148.968,210496.502,166298.873,156562.818,144377.318,117378.564,127695.827,94904.366,69673.257,61478.531,87078.992,24327.90456,18732.22826,22061.75363,15931.71233,17502.96977,23663.13311,25677.81165
North America,French Guiana,Import,  All Products,Import (US$ Thousand),,30.799,600.292,3252.587,2833.438,3263.269,5799.565,,,,,,,,,,,,,,,,,,,,,,,,,,
North America,Greece,Import,  All Products,Import (US$ Thousand),58748.044,61052.848,524143.6,448378.772,418306.368,555011.564,486238.815,585424.5,558187.621,568718.828,683894.336,659258.015,571982.847,668490.608,750695.969,909698.927,1124279.322,1250797.218,1422957.615,1221805.099,1011539.728,983244.866,1081154.013,1139970.67,1103395.26,1275879.422,1624651.648,1501768.736,1544909.568,1932035.389,1832312.544,1638596.763,2100406.446
North America,Grenada,Import,  All Products,Import (US$ Thousand),748.596,73.107,8891.672,8266.418,9026.431,8356.941,6386.791,4519.502,7741.395,13291.209,21446.098,28097.418,24786.796,8227.096,8873.037,6453.345,6976.659,5754.801,9437.156,8653.954,6629.11,8905.647,8997.769,10660.032,11321.877,12474.113,11852.18414,15052.92739,14382.20441,18073.99507,16605.86672,15079.27957,19290.22533
North America,Guinea-Bissau,Import,  All Products,Import (US$ Thousand),2.287,,87.21,10.123,211.276,0.827,39.563,66.192,261.316,181.508,77.207,536.794,32.024,40.378,2114.501,28051.781,129.407,495.777,45.295,170.617,72.536,901.111,275.428,88.763,3223.551,59.505,54.8600424,191.9924596,38.71234134,217.5529536,2051.659898,953.084211,216.312807
North America,Guyana,Import,  All Products,Import (US$ Thousand),16887.974,21058.004,127012.772,155285.388,227124.976,268209.832,254165.272,278908.976,277431.676,292196.672,276684.408,273052.475,275651.443,277608.691,280329.817,289750.691,254374.127,266143.236,297423.99,382001.948,443009.942,589865.866,830902.386,977376.023,938787.277,822203.188,652515.2192,943666.9538,831871.9999,704779.8318,521702.4319,1035706.181,2450537.856
North America,Antarctica,Import,  All Products,Import (US$ Thousand),,,,,,,,,,,,0.419,15.596,0.639,3.301,9.728,522.023,2.979,10.472,2.979,8.561,267.476,651.133,182.984,246.73,216.736,174.1155371,284.9655327,97.61391245,91.05500182,164.7671812,48.373385,103.954741
North America,Argentina,Import,  All Products,Import (US$ Thousand),112257.184,119745.24,1512973.048,1462378.568,1387286.992,1916928.472,2004945.79,2587269.168,2548044.787,2615738.864,2997957.328,3339936.197,3239591.384,3639824.893,3703031.591,4298241.591,5350770.165,4781622.792,5262057.391,6781789.591,4749989.978,5518958.974,7120351.411,6572990.904,6430935.427,6215608.792,5650423.867,6120010.122,6404843.207,6356861.095,5805054.186,4897157.244,6164581.138
North America,Belgium-Luxembourg,Import,  All Products,Import (US$ Thousand),478146.752,470886.176,4644592,5218819.84,6008827.68,7330916.48,7036666.897,7811454.208,9015283.478,9806909.056,,,,,,,,,,,,,,,,,,,,,,,
North America,Botswana,Import,  All Products,Import (US$ Thousand),,,,,,,,,,,,41059.71,21362.726,30419.189,26613.508,92253.615,180497.658,254018.26,253154.47,231919.259,157892.146,177179.075,294308.627,221952.991,285340.808,323958.47,221888.5731,446064.1368,785345.9378,469374.503,285091.1781,184572.0129,263527.7945
North America,Central African Republic,Import,  All Products,Import (US$ Thousand),3.545,37.574,996.249,853.621,1052.556,554.516,607.191,974.99,1559.143,2991.908,3062.934,4344.804,2394.457,2251.224,2019.503,8963.975,5924.018,4466.798,3254.461,9244.17,3575.89,5965.963,6705.482,4834.721,3671.466,2192.063,3459.422778,1173.822191,2390.816215,3092.68758,3750.344981,1138.05256,2000.839222
North America,Djibouti,Import,  All Products,Import (US$ Thousand),86.157,,53.447,,35.905,70.067,36.509,8.751,4.034,574.759,150.607,440.277,1027.132,2382.675,868.575,1178.698,1164.343,3443.564,4625.408,7133.794,2980.978,3065.497,4135.046,11875.266,3975.148,12003.43,35626.8042,28328.88947,35194.23516,49114.09805,31076.51405,41306.67039,33166.58429
North America,Dominican Republic,Import,  All Products,Import (US$ Thousand),34393.792,34009.184,2117482.176,2479590.812,2791901.504,3225536.864,3562949.604,3744461.448,4525624.421,4629353.232,4443982.244,4447687.229,4245187.928,4346778.152,4639892.487,4735351.044,4820629.449,4750019.708,4434247.754,4214290.73,3554847.358,3914789.472,4466047.719,4656225.544,5456740.692,6125740.56,5583644.848,5672329.751,5813031.46,6223590.385,6197164.645,5847792.194,6749872.241
North America,El Salvador,Import,  All Products,Import (US$ Thousand),24265.7,16195.682,336294.27,419660.859,526377.789,663999.192,874873.956,1131672.296,1417666.456,1500259.232,1672706.82,2035645.75,1908781.988,2073418.694,2108890.726,2151301.61,2098595.88,1978941.825,2159143.781,2374041.162,1938431.35,2358278.913,2690606.304,2684885.873,2544209.814,2551516.059,2694820.841,2622081.019,2616531.488,2643705.231,2658113.653,2049487.998,2690213.6
North America,Fm Sudan,Import,  All Products,Import (US$ Thousand),259.625,82.69,18659.578,11550.691,12405.398,37042.162,23627.818,19700.301,12983.698,3778.95,155.044,1896.801,3870.326,1612.112,3219.48,15394.242,80491.713,69638.057,68588.336,69911.843,70837.792,89396.739,129419.692,,,,,,,,,,
North America,Gabon,Import,  All Products,Import (US$ Thousand),328.818,92.977,766581.523,983894.05,1057019.092,1238049.131,1557922.255,2067247.7,2348152.163,1381969.112,1624834.667,2197636.093,1661189.492,1662394.742,2076321.191,2620563.906,2956241.276,1417509.882,2244958.199,2373460.023,1284938.612,2276976.469,4662567.854,1887007.081,1113338.794,835277.386,367068.219,115270.2147,210182.4471,299626.1479,128324.23,84385.29126,126163.2867
North America,Gibraltar,Import,  All Products,Import (US$ Thousand),51.369,,771.11,6813.864,3011.714,1504.023,2631.022,2793.17,1730.687,6507.678,8987.075,914.788,2336.045,948.074,3066.61,1727.447,4892.841,1098.189,3352.075,1478.059,927.882,2861.363,2845.447,618.131,3016.848,245.834,1847.395665,2999.365335,725.0798579,1007.326124,15812.65692,22366.73692,3879.244738
North America,Guatemala,Import,  All Products,Import (US$ Thousand),34879.012,32320.452,1018622.044,1216696.948,1336697.756,1439476.244,1700388.885,1861260.56,2201198.693,2318093.032,2489096.896,2719926.887,2684129.635,3064110.222,3257550.423,3498842.961,3516482.458,3525641.823,3482704.195,3971317.907,3613253.043,4061963.133,5385849.645,4897233.647,4538659.542,5029920.743,4926677.118,4891871.452,4948940.663,5037020.073,4812091.419,4664246.326,5592325.965
North America,India,Import,  All Products,Import (US$ Thousand),189216.496,194216.24,3633213.088,4295983.984,5157676.32,5999902.656,6485325.952,6971298.24,8248605.899,9264697.344,10273962.88,11514758.7,10482980.78,13295943.58,14772696.89,17661017.34,21348491.41,24687226.4,26963981.97,29039549.45,23805298.96,32771837.86,40017272.51,43373102.49,44700599.55,49864762.63,49760409.53,50783276.89,53728214.35,60365164.67,63902328.48,57277564.58,81838045.25
North America,Japan,Import,  All Products,Import (US$ Thousand),8063961.088,8154769.408,104661655.6,109125607.4,118702259.2,130788709.4,136034621.8,125620932.1,133350673.4,134527177.7,144992480.3,157655638.9,135930351.5,134400812.7,131121541.3,143951796.4,154097671.8,165783421.6,163884023,157769062.2,109269968.4,136824737.7,145758369.2,161474746,151920834,149554204,146592924.4,146998841.6,153244097.9,158915088.7,159403957.3,132587051.4,151724334.2
North America,Kiribati,Import,  All Products,Import (US$ Thousand),,,656.029,619.432,1765.049,1122.937,1381.041,1482.104,1949.085,1307.981,1613.215,1203.253,1121.062,1277.615,1992.121,1681.949,1305.235,1575.98,1529.338,1186.317,1472.73,1250.712,842.158,710.426,1113.469,3176.466,3094.304265,3885.648402,4431.769277,3935.714191,3613.919826,1644.571746,1511.354487
North America,Myanmar,Import,  All Products,Import (US$ Thousand),1306.966,1378.638,30607.036,43036.847,56118.251,84888.41,97031.966,126785.388,137778.111,190277.294,269212.912,511578.452,510449.055,409563.841,324504.694,19011.741,9230.905,7433.591,7397.006,706.404,143.486,14.203,63.312,1799.667,38164.501,108698.711,171632.8308,315402.0231,473123.7319,612682.6316,989920.6183,1204837.008,1107407.855
North America,Panama,Import,  All Products,Import (US$ Thousand),15728.726,3662.223,300910.959,277791.093,312758.365,362808.107,352018.835,405574.552,438859.257,368010.268,415944.314,316439.39,297382.75,328754.053,409845.402,371395.219,387449.615,437671.958,418863.698,426478.265,359243.77,485427.166,536850.212,662682.505,524444.644,462278.434,439609.5852,437654.0261,472829.6232,448519.538,480803.1772,728013.7173,804620.4755
North America,Algeria,Import,  All Products,Import (US$ Thousand),25139.328,53164.276,2330776.624,1775194.536,1885356.96,1850735.456,2060296.56,2811833.792,3086542.496,2171185.024,2391643.68,3562975.056,3441994.098,3654030.579,6838169.403,10317507.98,14378696.14,20462205.41,23171346.2,27283893.17,14460906.78,18419084.05,20455376.48,15979782.08,8084074.689,6006102.16,4281571.505,4819872.936,4631031.069,4990165.535,2634535.593,530083.4941,1953310.647
North America,Anguila,Import,  All Products,Import (US$ Thousand),,,1416.347,67.604,328.24,282.188,85.467,849.702,789.456,2154.044,2324.321,1658.622,1843.355,1008.149,1355.039,939.063,3970.477,4439.609,4863.858,4714.578,6193.741,2930.98,5256.69,3844.498,4624.067,5796.359,5866.31671,4164.01444,4699.61237,6046.959011,4300.87021,3582.589257,845.816427
North America,Azerbaijan,Import,  All Products,Import (US$ Thousand),,,,339.047,252.045,317.607,904.727,5010.475,6379.953,5462.542,29097.125,21170.22,20944.849,37144.761,13484.654,46813.333,50149.675,785018.306,2146763.365,5587211.519,3053618.595,2568797.408,2912075.256,2327764.329,1587964.979,1463180.182,874676.7358,254361.383,1233270.208,1356493.292,232806.7295,39956.88239,411092.293
North America,Bermuda,Import,  All Products,Import (US$ Thousand),2610.545,1739.945,14499.472,41456.018,18182.237,19507.711,13709.598,13073.413,32782.947,16840.387,38235.747,50846.082,67157.25,25872.407,16743.244,33739.538,103735.57,36332.551,31492.537,154318.245,26782.259,24895.141,62032.602,86215.721,61911.049,38438.608,110698.2204,28158.04672,35699.07407,19591.16516,22401.77591,25591.30591,11299.7086
North America,Bulgaria,Import,  All Products,Import (US$ Thousand),9936.563,8041.03,70577.168,94638.303,191366.334,267315.236,238308.847,172874.076,241486.639,265498.4,247016.56,276489.873,375732.925,410091.509,525211.256,608474.456,567085.192,593322.879,565627.722,527061.191,345863.38,338384.52,586066.35,709927.505,679868.439,741220.762,727260.5392,734476.4269,792048.0475,1161232.639,1095136.033,1121846.612,1359243.377
North America,Christmas Island,Import,  All Products,Import (US$ Thousand),,,380.004,257.684,271.577,584.173,144.486,262.845,707.591,337.374,104.777,395.732,189.297,700.277,418.585,622.75,469.199,564.118,4411.742,2240.08,816.794,737.683,1608.571,540.83,1175.358,2460.669,2189.765601,1681.161017,1411.271239,1043.487093,602.2088464,815.010666,1930.696892
North America,Cuba,Import,  All Products,Import (US$ Thousand),52478.944,111519.632,133449.44,212104.816,132905.592,142609.488,234051.046,294304.256,255284.844,225449.84,206533.888,275339.163,233366.437,207558.339,265758.404,454170.239,457639.295,555650.061,988975.684,843535.927,440052.317,634228.997,710006.876,540300.382,483564.237,508620.171,407118.9789,293903.1069,406892.1523,572924.7095,432831.641,453480.0874,561377.3101
North America,Equatorial Guinea,Import,  All Products,Import (US$ Thousand),,,266.15,24.269,3960.865,330.539,34495.264,82146.388,33101.65,73682.749,45296.373,154719.079,534804.606,721026.264,1292248.962,1521143.589,2126481.524,2033252.003,2079448.124,3571527.989,2892990.884,2941048.738,1859342.288,2141536.701,898006.962,268277.001,174805.9464,251028.8421,410614.2386,606336.251,351112.458,148471.208,295525.585
North America,Free Zones,Import,  All Products,Import (US$ Thousand),,,,,,,32.886,11.378,32.648,42.153,78.712,,,,,,,,,,,,,,,,,,,,,,
North America,"Gambia, The",Import,  All Products,Import (US$ Thousand),109.379,70.119,2215.698,1222.944,9441.055,2550.818,2316.218,2093.851,3091.554,2205.808,295.7,671.43,2620.604,410.673,243.138,591.629,1173.778,603.126,239.321,715.945,1472.598,4227.303,152.033,407.472,1767.546,400.71,1080.619408,1147.415066,1459.61646,1370.995556,2184.283461,1352.819838,1702.064918
North America,Greenland,Import,  All Products,Import (US$ Thousand),136.872,170.4,4422.316,12805.778,18211.784,11058.152,9586.269,8735.734,13884.897,10183.727,16948.149,24349.913,32922.101,24598.46,15064.653,15953.841,18277.012,11870.944,53415.516,39337.162,23171.473,9012.77,8419.859,7197.177,9661.08,6160.585,4283.23401,6521.473608,13697.26597,16916.81331,27692.43232,31443.30993,42997.6275
North America,Guadeloupe,Import,  All Products,Import (US$ Thousand),213.898,120.934,1808.289,1449.55,5057.479,2206.32,1324.103,,,,,,,,,,,,,,,,,,,,,,,,,,
North America,Haiti,Import,  All Products,Import (US$ Thousand),10654.077,12643.149,306788.361,111341.796,162527.3,62692.336,139946.113,153481.749,200197.476,284429.926,318450.901,303262.867,270070.49,270360.539,354751.167,398022.443,479388.049,525982.308,520870.129,482586.6,585101.482,590273.895,786223.256,804938.862,878542.713,963995.379,1002096.371,946569.4021,972064.2803,1063067.284,1178857.991,916476.3925,1201772.775
North America,Kenya,Import,  All Products,Import (US$ Thousand),12032.072,11655.057,84384.828,88982.859,112579.015,130245.33,122230.34,126081.509,132813.663,117935.762,120677.792,119137.838,135247.676,209804.029,276152.967,385880.678,381365.316,387632.431,358094.242,374707.81,307730.49,342654.384,419712.865,410649.029,474247.112,634779.279,618426.4532,594928.3462,614564.7788,685622.4553,712728.3847,606252.504,745762.2237
North America,"Korea, Rep.",Import,  All Products,Import (US$ Thousand),2061199.744,1929183.104,19577511.68,19025539.07,19480642.43,22211027.46,27227312.54,25299333.5,25846954.08,27040796.93,34880709.38,43781451.03,38155761.91,40007560.12,42270684.75,52306838.26,49964327.68,52721274.52,54340924.96,55491523.42,45768549.23,56583917.38,65283588.62,65282281.27,69563152.27,78304527.7,80504033.82,79896051.76,80051764.12,83499736.09,87118453.06,85457143.62,107118946.3
North America,Luxembourg,Import,  All Products,Import (US$ Thousand),,,,,,,,,,,373305.604,384342.155,354523.697,370968.632,323419.794,367647.583,483067.116,642816.069,653074.552,649909.838,577677.386,566109.039,629059.586,700593.417,796428.489,933618.44,807206.4608,637693.6333,634496.4994,699695.9704,783515.582,635199.0126,782483.5923
North America,Malawi,Import,  All Products,Import (US$ Thousand),656.699,846.709,78905.922,64944.594,67530.968,64467.551,45469.948,79726.48,90076.241,67145.267,76586.179,57612.42,79329.088,78204.423,83180.73,66339.764,124582.106,65208.892,65139.038,71418.628,75440.938,147007.511,193506.692,175298.402,204877.96,131603.028,66395.55932,81164.93171,66084.25576,59188.19846,104235.1228,44879.60642,50960.10586
North America,Afghanistan,Import,  All Products,Import (US$ Thousand),184.696,621.403,4807.152,2541.835,3135.964,6586.414,6019.625,17959.551,11736.392,17854.991,10378.58,1188.567,1037.506,4389.076,63147.049,25394.353,68033.532,46528.448,77515.565,88058.644,125383.311,89178.726,28242.9,38805.879,47491.017,74997.652,26860.27126,37521.43339,17551.52755,33495.89728,41776.09551,21304.70412,29932.55357
North America,British Indian Ocean Ter.,Import,  All Products,Import (US$ Thousand),,,1478.98,244.668,71.07,974.037,1984.781,3892.035,12061.435,478.366,464.224,2926.642,358.485,492.946,1298.963,626.219,471.776,870.328,45.055,2148.097,466.453,1507.54,6151.538,19479.28,17975.794,14373.734,16171.36457,12226.0275,8592.232957,195.9270834,878.3627903,216.78115,598.132326
North America,Burundi,Import,  All Products,Import (US$ Thousand),,104.198,9116.928,9201.217,3047.84,7866.984,21539.109,2201.767,14403.451,8555.598,6855.384,8016.029,2873.822,1075.051,6818.585,3464.376,5122.522,2219.799,1242.713,3488.442,4454.79,3509.639,10187.987,5176.718,4540.066,4693.213,9088.647784,7057.911738,9330.971617,14556.60807,11025.61334,4415.723973,4311.324294
North America,Cambodia,Import,  All Products,Import (US$ Thousand),,,1167.809,5819.092,1511.873,1333.87,6112.919,5487.648,112558.83,392038.712,642624.459,836779.581,977662.737,1159169.512,1395477.432,1699190.331,1983554.109,2459224.675,2788839.826,2799303.747,2260782.565,2749056.105,3334573.85,3290399.841,3448435.314,3700323.17,3952478.797,3813055.3,4170367.81,5103795.775,6863032.031,8011506.049,10794584.95
North America,Cocos (Keeling) Islands,Import,  All Products,Import (US$ Thousand),0.763,,6422.009,112.353,254.627,398.566,75.771,398.468,69.965,171.609,243.166,329.25,649.158,281.586,289.524,623.389,573.293,1587.518,993.851,1262.69,917.263,2276.874,1614.679,1116.5,1059.985,3455.236,3898.230122,2242.989333,1316.41875,3084.589726,2790.4483,1869.997049,3256.717301
North America,Cook Islands,Import,  All Products,Import (US$ Thousand),31.105,1.112,350.16,180.89,508.598,1922.726,1154.767,1025.299,1247.153,880.441,713.954,2345.53,544.057,1313.313,3426.047,4324.766,2490.688,2275.535,1810.893,1377.753,1011.444,1775.144,948.9,1402.41,507.943,987.659,947.1818785,2035.08354,3504.422376,1085.542775,590.8817182,2527.457699,1330.352363
North America,Cote d'Ivoire,Import,  All Products,Import (US$ Thousand),24990.708,18274.518,265536.38,224147.044,212027.341,234861.162,251107.128,457064.028,358419.164,526179.704,425316.152,432995.742,366465.954,444092.008,585741.084,849446.902,1393061.958,926390.491,903595.958,1284499.149,975022.315,1623094.057,1945396.342,1551519.611,1479809.96,1704974.499,1299207.386,1519996.364,1503087.37,1644727.659,1370036.209,1166403.482,1515719.167
North America,Dominica,Import,  All Products,Import (US$ Thousand),216.715,68.23,5126.026,4815.107,6859.858,7609.169,9194.274,9234.166,10849.38,8045.487,24487.575,8069.655,5769.206,5698.86,6025.876,3602.014,4271.894,3536.908,2229.646,2772.569,3196.731,1847.426,2284.985,1970.222,3717.395,1969.715,2334.736525,2936.411779,1633.343348,1551.327686,3871.517152,2104.503032,3093.326165
North America,East Timor,Import,  All Products,Import (US$ Thousand),,,,,,,,,,,,,114.747,49.464,3690.085,335.08,745.218,942.356,1614.848,6550.535,3656.261,1988.664,420.382,1138.243,1844.6,2797.723,5600.467733,7989.092364,9138.898224,11542.42951,9663.055828,9473.303487,12155.88901
North America,Ethiopia(excludes Eritrea),Import,  All Products,Import (US$ Thousand),,,,,27949.556,42074.783,39789.812,40968.065,77647.98,61476.223,37023.1,32727.789,32974.362,32248.837,37971.817,50362.808,73799.27,91580.417,101344.365,170984.623,134196.852,149225.474,167064.768,200863.422,210876.811,236265.257,338169.9475,272186.9847,328402.2819,489173.745,621135.4491,575571.4669,664437.5718
North America,Faeroe Islands,Import,  All Products,Import (US$ Thousand),,,32706.226,24079.986,9487.683,10064.187,8771.192,8756.142,15107.651,11794.842,23611.376,31420.346,47777.425,27573.849,24393.154,9875.646,11487.094,12242.311,12078.761,23384.6,86874.485,98331.02,143656.844,81582.066,134431.084,198218.367,147695.7353,179025.4949,158095.2103,150141.4977,183228.2124,154946.4949,230684.2668
North America,Finland,Import,  All Products,Import (US$ Thousand),314413.696,305924.704,1360888.928,1462455.664,1917886.384,2162858.848,2722856.574,2770125.952,2996182.148,3167341.504,3442317.44,3679414.898,3837670.652,4066355.09,4455913.42,4834705.973,5545322.691,6160641.957,6303298.577,6946641.463,4962120.81,5090302.96,6330300.231,6156302.096,5934514.719,6493922.004,5435425.304,5393300.59,6969274.985,8354234.864,7393117.267,5848825.707,8130323.047
North America,Guinea,Import,  All Products,Import (US$ Thousand),15939.916,12256.05,181883.518,133388.285,154249.22,133840.616,134407.258,161755.192,148140.249,160752.516,150141.605,104267.948,105316.193,110663.258,113630.406,99124.97,113734.736,145081.794,174030.08,205235.293,149911.281,160304.925,180462.539,175591.988,147391.799,166416.188,154127.2676,49992.3228,71637.58021,39981.1939,47574.25049,55561.26703,73864.72393
North America,Italy,Import,  All Products,Import (US$ Thousand),1700261.12,1673092.992,13881301.25,14287813.63,15328017.92,17338029.82,19693015.69,20995358.98,22403559.32,24231192.58,25766542.34,27508954.69,26390443.23,28175327.33,29934220.75,32931012.95,36218207.15,38460514.79,41213979.12,42330257.17,31198179.49,34009119.7,40251004.98,42200377.94,44371771.46,49168558.75,51200087.34,52305496.06,57616038.11,63212617.18,65889095.84,57719991.34,71401418.77
North America,Liberia,Import,  All Products,Import (US$ Thousand),5246.018,3171.127,10305.439,14458.503,3188.564,3692.312,8879.502,26678.761,5130.331,27258.942,33232.85,47324.642,43654.062,48768.05,64536.943,95902.95,108203.875,161709.7,136903.413,168469.699,110315.531,221398.989,195627.061,178272.939,129631.014,119423.879,78943.50858,97889.75248,123096.399,89289.04409,95668.47429,66445.27299,102744.7862
North America,Macao,Import,  All Products,Import (US$ Thousand),27168.364,28259.872,639680.56,786268.552,728560.856,858097.128,974185.422,927563.424,1104175.601,1193906.676,1220848.964,1313336.54,1276475.992,1365884.724,1492372.16,1640331.559,1354640.882,1322419.139,1174945.787,985007.29,265763.724,156064.391,126416.357,108441.341,110190.645,83696.66,128805.3074,126122.6828,103654.6882,109030.7274,110090.9061,116034.8811,161236.6614
North America,Israel,Import,  All Products,Import (US$ Thousand),125708.352,106671.184,3681655.48,4011419.456,4646292.224,5470481.744,6016036.969,6741695.824,7686595.42,9066889.248,10331297.02,13365962,12360862.59,13019513.76,13450995.38,15346698.6,17754956.49,20168737.98,21974273.77,23774188.5,19793888.51,22209400.98,24262673.77,23276001.13,23810589.41,24422458.8,25851834.68,23608402.2,23360441.46,23259081.87,20888585.62,16532173.95,20045377.04
North America,Jamaica,Import,  All Products,Import (US$ Thousand),159308.624,134583.168,756371.056,788251.616,907109.376,945069.872,1041448.685,1064963.024,965870.743,971134.88,859696.368,781298.333,670389.818,598933.446,641491.765,606816.905,734250.318,927676.612,1136395.218,1093881.042,647043.949,522659.63,897759.703,610646.24,615339.642,553790.082,520572.2765,479064.3641,482480.3778,504973.9195,494964.2885,462530.1154,580132.4956
North America,Lebanon,Import,  All Products,Import (US$ Thousand),3377.502,2686.895,31944.601,32245.225,31281.753,29095.366,39464.318,47131.927,84262.524,89996.106,63873.782,82471.549,94839.476,71289.497,103025.353,85781.733,100211.732,103049.003,124732.248,117678.406,93052.394,104491.069,100482.464,102031.978,111465.649,98211.07,118316.7322,132234.7979,155688.6576,137480.8334,181741.2749,227095.0803,232492.3548
North America,Libya,Import,  All Products,Import (US$ Thousand),4626.641,,0.816,,,1.099,,,0.722,,,0.712,1.24,16.638,6371.737,416132.258,1762310.095,2688687.001,3540204.513,4349977.865,1985415.862,2210646.51,671560.493,2498887.643,2636418.628,240797.428,178276.139,251271.9864,1441646.731,1507432.24,1639304.506,224940.4718,2220239.169
North America,Mali,Import,  All Products,Import (US$ Thousand),13517.645,11440.367,8822.295,6488.156,3172.999,6366.664,11934.991,7899.132,13983.471,16847.578,28474.914,26564.31,8151.491,4737.583,3427.266,4185.828,3961.801,8459.156,10354.697,5645.416,4124.887,6983.593,5070.548,4880.519,4080.747,5335.126,5369.087237,5395.619929,4807.960402,6595.257678,6891.200779,4688.088149,7494.018873
North America,Mauritania,Import,  All Products,Import (US$ Thousand),7.305,0.502,12791.65,9606.791,7228.976,4581.493,7477.495,7129.404,327.081,584.989,941.523,460.311,586.398,1334.167,1424.503,7883.392,1342.044,54038.585,1463.181,48661.644,37415.404,55084.246,1126.403,883.615,130858.984,102443.299,1375.467798,52779.01747,63813.78973,14132.38226,5320.433912,585003.9964,341672.2555
North America,Mongolia,Import,  All Products,Import (US$ Thousand),,,1204.31,7255.096,35857.464,29459.412,25212.048,33297.832,44536.256,44589.04,66697.712,116572.468,146807.69,178154.091,206355.735,295773.26,283037.869,292611.308,268031.885,233974.401,155702.639,237824.043,255948.001,208720.333,145846.598,17191.971,20375.44558,12882.74442,11575.59939,13479.84418,27630.18328,12873.71115,20361.62065
North America,Nepal,Import,  All Products,Import (US$ Thousand),1247.625,2068.731,68489.089,92874.36,114654.788,140526.698,112343.741,133624.95,130172.235,156238.39,198951.578,236538.448,206487.863,171291.582,193274.986,167373.17,130929.272,119731.586,110648.903,106842.161,71685.773,81102.014,99768.093,95842.463,89595.832,104084.506,103597.3474,105083.8499,107897.7059,115756.1183,108225.1412,100811.1435,127701.9625
North America,Norfolk Island,Import,  All Products,Import (US$ Thousand),79.84,100.853,108.212,81.401,239.968,70.053,78662.496,820.631,62.748,98.026,399.487,707.273,450.667,100.672,1599.905,2908.611,194.162,174.483,457.747,37.943,551.872,11.682,308.695,638.645,40.677,17.941,1256.368037,291.7864913,314.7248122,775.6767059,216.4007059,203.774003,164.930683
North America,North Macedonia,Import,  All Products,Import (US$ Thousand),,,,,117220.176,88008.584,95528.571,134244.348,158022.441,187846.483,151882.057,170022.652,117250.272,80227.686,66629.517,85333.163,53930.235,48517.821,84907.807,87778.714,53987.325,46604.624,63380.641,96789.944,73544.225,184484.718,217866.7412,245260.3478,269174.4236,385435.238,310651.8928,177289.9639,188411.2497
North America,Northern Mariana Islands,Import,  All Products,Import (US$ Thousand),,,,,,,,,,,,,,,,,,,,5.097,,,,,,,,,,,,,0.07358
North America,Norway,Import,  All Products,Import (US$ Thousand),662855.488,1406805.12,3040098.688,3313582.592,2831380.544,3717427.584,4938649.355,6095933.568,6319967.105,4743021.44,5955725.312,8645346.412,7466345.877,8595253.605,8574996.234,10646892.01,12077037.99,12184088.37,12599631.76,13460921.08,9029472.695,9959202.9,12941630.29,10317257.93,9197124.89,7390229.288,6326426.357,5845104.56,6949408.547,8814015.536,7945454.641,5031340.029,7779635.803
North America,Paraguay,Import,  All Products,Import (US$ Thousand),561.374,1039.177,46927.281,38892.841,54581.721,85801.751,62639.233,48646.736,46932.109,38741.265,45015.862,41943.172,34764.954,54896.702,69211.102,82701.72,74373.635,80497.843,94910.058,108930.364,72226.915,77911.458,124955.019,206842.011,288876.098,222359.394,183211.9243,170080.9539,142906.1268,149856.1481,184260.7282,168344.0372,213234.5618
North America,Reunion,Import,  All Products,Import (US$ Thousand),,7.849,1218.841,165.537,32.635,958.651,363.061,,,,,,,,,,,,,,,,,,,,,,,,,,
North America,St. Vincent and the Grenadines,Import,  All Products,Import (US$ Thousand),558.278,230.19,8037.391,5005.286,5246.035,5815.304,8178.1,7028.094,4584.861,5030.733,8440.479,9130.13,22693.919,17052.313,4285.061,4312.564,15890.396,2374.551,1921.409,1147.201,1476.455,2098.091,2357.448,2500.045,3056.809,1592.984,1936.647963,3422.513948,5324.907367,7082.356303,5478.331713,6052.076517,6251.382843
North America,Sweden,Import,  All Products,Import (US$ Thousand),792860.864,770389.696,5368691.136,5532485.376,5354660.096,6071066.304,7425617.986,8256710.4,8483780.005,8995085.632,9346464.64,10789700.93,10011546.83,10665741.29,12896204.84,14759217.23,16117896.44,16310071.92,15367739.05,14951248.78,9989151.99,12826613.5,14098539.07,12316193.36,11045634.03,12197824.56,11593233.74,11508146.46,12822808.29,13850991.14,14424250.59,14435578.85,17431959.31
North America,Ukraine,Import,  All Products,Import (US$ Thousand),,,,108945.296,213500.294,389035.627,484402.443,587091.554,489188.211,631310.84,621685.864,954893.41,714553.539,453128.962,344575.7,993930.166,1465066.179,1936879.226,1429815.655,2676815.928,597145.364,1220391.522,1665990.649,1514601.246,1145662.332,1062844.566,949277.669,690355.5278,1160775.652,1523040.065,1469802.226,1483486.669,2169797.312
North America,Holy See,Import,  All Products,Import (US$ Thousand),,,,,,,,,,,,2100.512,133.66,1755.835,622.601,354.757,298.58,1546.575,160.337,308.753,1139.544,2093.535,560.847,264.526,243.961,877.064,4494.287,723.228,1127.551,903.584,1020.59859,1684.226,798.7063
North America,Hungary,Import,  All Products,Import (US$ Thousand),37569.62,38694.488,427294.452,406236.016,452752.892,536729.712,611414.759,736835.556,1162795.476,1674746.568,2000414.408,2820890.15,3071099.3,2797610.622,2898722.804,2804540.094,2813994.396,2885941.855,3168889.984,3563234.603,2593775.389,2880655.373,3375167.086,3623308.805,4186716.24,5867050.657,6287473.843,5892131.245,5751621.429,5782689.384,6112578.663,6021022.622,7883957.677
North America,Iceland,Import,  All Products,Import (US$ Thousand),8138.595,7191.769,231943.648,184391.112,264148.04,299820.32,291743.568,347774.624,299947.151,343868.444,380783.272,314693.523,270183.318,345091.815,320616.526,313980.715,327609.145,289532.18,244323.884,284599.268,218361.857,243308.077,269264.441,339777.976,334644.526,378042.888,415223.1032,457291.5938,515088.633,565094.6437,630034.4255,515248.2296,709654.4005
North America,"Iran, Islamic Rep.",Import,  All Products,Import (US$ Thousand),138053.392,17942.404,320137.288,105186.936,185593.674,86459.504,88906.128,174493.129,365540.728,103747.048,77474.436,251364.411,172195.683,197575.311,212201.045,214684.764,216153.413,201281.261,220094.831,143137.638,90613.753,134135.439,35894.536,42145.171,24192.286,20507.64,33030.48533,125168.2387,132816.7359,166153.7214,23833.54478,29312.37386,29149.88191
North America,Kazakhstan,Import,  All Products,Import (US$ Thousand),,,,23816.32,42453.361,88083.076,139220.633,123525.297,124232.165,186938.733,244856.473,447932.916,370685.642,354939.965,422647.241,605605.088,1194744.605,1031189.818,1377275.978,1869583.204,3087141.839,4153991.167,4598746.844,4754734.14,3940197.544,1918062.198,1259739.011,1287688.092,1200137.356,1749418.564,1602746.096,1237549.885,2522558.487
North America,"Korea, Dem. Rep.",Import,  All Products,Import (US$ Thousand),217.846,11.957,11.23,54.723,121.388,152.777,795.521,58.335,176.754,358.363,183.586,973.149,131.763,116.745,53.422,1526.224,237.618,4085.757,219.91,109.055,110.346,165.048,171.534,86.418,70.86,140.734,566.0282665,352.3231739,279.8555487,84.19571589,,154.43731,
North America,Kuwait,Import,  All Products,Import (US$ Thousand),660.733,1388.03,38840.004,319930.6,2005185.712,1609762.631,1468860.523,1782271.845,1999799.72,1472476.037,1580285.412,2781835.743,2002885.669,2067766.786,2514766.644,3473185.668,4670529.466,4238469.878,4314706.148,7414526.837,4001982.235,5619054.343,8067358.514,13040734.71,12758348.24,11732041.26,4895152.319,3493893.878,3030752.042,2156425.547,1446614.958,682010.3625,1099663.596
North America,Kyrgyz Republic,Import,  All Products,Import (US$ Thousand),,,,730.538,2937.693,11847.365,9301.799,5399.853,2576.016,312.734,646.206,2082.819,3467.624,5536.049,24583.492,11536.571,23024.511,5402.979,1934.202,3618.535,6656.623,4598.742,2947.203,10156.878,3658.085,2681.335,16189.73969,3608.583921,7031.893003,8028.365927,5887.501295,6485.528579,7004.683685
North America,Lesotho,Import,  All Products,Import (US$ Thousand),,,,,,,,,,,,144700.505,221730.474,346422.252,425875.581,503688.453,433166.668,437894.073,469128.041,399454.492,323594.265,328151.242,406683.297,319644.532,358768.27,378559.767,349702.5483,325583.8925,324031.1053,437506.6382,338200.3299,318990.3964,352664.6586
North America,Malta,Import,  All Products,Import (US$ Thousand),13787.764,2965.566,68396.599,94051.566,114783.954,118627.084,169303.792,254564.688,283743.436,368586.092,350710.484,530862.314,375843.113,322810.898,396683.905,410189.137,311082.113,400870.304,359251.825,305078.546,243625.484,286733.784,279392.938,290649.691,261058.899,218763.295,289417.6073,1333642.608,199350.2285,228560.7303,200754.8335,201513.9945,283433.4905
North America,Moldova,Import,  All Products,Import (US$ Thousand),,,,357.938,2209.733,4803.42,34584.989,35440.392,57597.826,121328.502,103054.669,110306.712,69771.121,44122.848,48284.833,55129.488,70206.091,60829.024,27092.101,15549.308,10506.438,18180.677,19428.832,28811.011,38531.196,41713.067,54475.17717,47816.32774,52902.20599,71397.19884,79987.04039,71975.40948,90174.84132
North America,Montserrat,Import,  All Products,Import (US$ Thousand),138.675,55.022,2246.539,2598.881,1517.434,1082.857,2165.715,4916.587,5379.835,258.284,507.072,230.097,364.979,609.08,1675.954,660.693,1054.433,1278.227,776.794,373.362,1041.722,850.775,915.967,2006.41,2708.277,995.633,2481.056262,781.6401356,1152.914748,1669.045192,1674.018699,1660.787353,7578.080907
North America,Morocco,Import,  All Products,Import (US$ Thousand),33282.336,33956.648,226695.72,258082.268,254072.392,247222.972,306774.61,331796.728,363928.057,426311.572,492849.392,506454.662,492453.365,479824.449,481736.031,624209.654,602083.486,709286.212,867587.834,1089685.642,641571.68,889515.194,1186001.222,1086385.023,1163846.306,1338452.913,1386762.962,1378649.502,1616597.064,1964936.07,1998000.356,1386406.743,1847741.421
North America,Netherlands Antilles,Import,  All Products,Import (US$ Thousand),13703.986,12406.558,720439.932,699200.014,429829.335,466008.738,362552.682,719325.736,619771.528,344777.606,432541.136,742295.69,499553.554,382569.394,674387.87,481316.576,969970.779,1220555.001,827822.615,833080.191,491834.462,808.568,,,,,,,,,,,
North America,Nigeria,Import,  All Products,Import (US$ Thousand),426966.816,481042.592,5940413.28,5691884.448,6143007.776,5169238.432,5481299.406,6399563.232,7080379.899,4751551.2,4833527.856,10848380.75,8912220.786,6330263.617,11264550.85,17186736.47,25307339.46,29608276.58,34011541.73,40087601.34,20140244.12,32978330.44,36983710.83,21022076.89,12872839.31,4332241.574,2818545.972,5560418.215,8118811.649,6137471.067,4980929.472,2045498.699,5222473.816
North America,Pakistan,Import,  All Products,Import (US$ Thousand),66946.976,82224.592,813720.216,1048067.584,1119940.288,1230362.64,1427115.214,1470060.224,1674352.813,1941562.48,2035277.104,2350328.02,2427222.318,2667163.827,2930223.458,3278903.638,3697425.439,4212850.683,4057560.112,4059697.998,3574629.583,3991336.531,4289519.336,3905450.012,3974391.148,4155594.238,4184583.084,3892616.285,4079048.972,4233077.262,4456310.655,4442820.863,6112260.142
North America,South Georgia and the South Sa,Import,  All Products,Import (US$ Thousand),,,,,,,,,,,,,,,,,,,,,,,,9.385,,,,,,,0.0756,0.22732,
North America,United Arab Emirates,Import,  All Products,Import (US$ Thousand),30574.704,49738.744,789382.814,874892.076,778776.199,480995.328,489876.685,548593.791,974247.843,715884.69,775527.288,1067887.088,1240838.508,1002421.332,1233668.302,1285023.306,1594607.814,1534591.999,1422553.442,1658656.733,1737261.962,1345047.601,3418493.795,2455319.737,2435669.042,3017767.733,2705833.183,3653222.182,4619668.92,5385684.666,4729810.9,3421451.315,6655545.89
North America,Portugal,Import,  All Products,Import (US$ Thousand),136724.672,147270.704,884057.12,853125.344,969110.432,1080407.336,1273797.342,1196176.448,1347381.491,1466389.12,1550786.896,1738202.221,1730259.086,1899209.685,2243377.976,2563562.86,2676862.262,3458666.883,3503362.664,2949786.06,1913291.938,2528170.58,3033062.641,2920592.229,3191685.725,3764425.628,3883366.542,3752593.945,4100271.991,4523035.079,4542826.513,4493080.161,5767039.743
North America,Sao Tome and Principe,Import,  All Products,Import (US$ Thousand),42.013,,0.962,407.378,612.286,2820.969,159.319,463.264,255.79,692.806,3027.279,1356.143,1108.841,1301.544,2059.47,199.855,318.921,434.398,428.29,219.076,264.72,561.256,1157.294,588.176,287.009,1051.628,823.8947928,503.3528373,949.1623103,793.5631428,1653.516648,1178.026462,1669.460625
North America,Singapore,Import,  All Products,Import (US$ Thousand),424261.888,472767.936,10710207.68,12093935.71,13666461.25,16501313.09,19852411.29,21523079.17,21216174.75,19450459.58,19386483.01,20119342.36,15734277.39,15733709.19,16213613.88,16410598.14,16183162.38,18939245.18,20087703.91,17345586.71,16865999.45,18800801.66,20939935.03,21658032.86,19103543.33,17696187.01,19267226.89,18804588.06,20394944.96,27860960.95,27600882.38,32021591.97,30657977.01
North America,South Africa,Import,  All Products,Import (US$ Thousand),218349.68,158657.92,2021938.416,2031452.288,2119645.544,2538330,2785633.629,2952672.224,3196757.373,3764227.04,3941322.016,4546727.344,4719123.513,4490116.465,5146354.253,6652606.281,6659557.404,8452769.81,10290456.64,10929228.03,6522946.824,9054879.681,10558996.98,9317020.808,9077247.08,9464729.476,8130018.442,7563962.908,8594517.075,9387314.583,8736529.328,12862248.87,17156276.88
North America,Tanzania,Import,  All Products,Import (US$ Thousand),1679.878,945.417,17230.256,14303.098,14436.491,17663.514,26868.166,21197.192,30288.347,34241.814,37883.236,32871.837,29031.223,28849.269,28337.725,36323.58,166914.643,74453.075,49754.25,59645.572,55205.265,46972.709,66123.327,123838.648,78615.745,127954.424,118025.9956,161905.3159,137909.4619,113761.0861,152716.4925,152560.2128,120458.7359
North America,Thailand,Import,  All Products,Import (US$ Thousand),354552.576,347868.928,6883557.76,8404683.168,9573195.456,11456320.96,12593440.31,12564918.59,13906588.33,14829402.3,16170809.34,17509861.55,15819998.07,16808644.02,17437833.96,20197715.66,22669518.04,25672311.36,25941549.45,26940606.41,21886530.44,25965365.58,28455612.28,28702606.3,28730915.25,30621458.97,32066226.05,32844814.58,34767892.34,35780526.88,37601714.9,41858547.89,53716354.66
North America,Us Msc.Pac.I,Import,  All Products,Import (US$ Thousand),1375.99,1398.173,375.256,361.282,810.166,1704.218,5400.159,5175.537,11297.19,16508.411,12182.382,,,,,,,,,,,,,,,,,,,,,,
North America,Vanuatu,Import,  All Products,Import (US$ Thousand),,6.238,1827.615,5383.994,3969.18,3852.364,500.914,634.162,2348.406,5420.134,2405.167,660.997,832.944,2887.061,1018.624,2610.06,6654.565,2790.521,1124.031,1519.548,2135.612,2646.552,2508.153,2676.863,4211.131,9307.996,4075.400195,6134.624507,6055.987965,7475.766371,6529.172581,5536.074938,6773.272349
North America,Zambia,Import,  All Products,Import (US$ Thousand),46.362,101.628,42915.653,75922.456,41360.843,66482.967,36221.195,68875.322,80064.636,82761.104,51186.299,17912.591,15838.583,9105.02,13080.982,33019.478,32273.167,28824.315,49471.99,52418.676,9384.068,31064.131,48973.84,65789.441,40419.395,58180.677,50859.91662,48051.05028,70257.80109,191867.6718,128718.9914,121473.357,288063.1996
North America,Malaysia,Import,  All Products,Import (US$ Thousand),270333.088,325789.696,6726840.544,9089984.928,11597062.34,15308845.57,19110291.54,19489106.43,19960589.57,20866029.7,23475011.84,27241745.26,23567397.84,26019945.76,27822463.55,31070552.98,36813586.28,40116364.31,36427591.81,34326991.81,25924715.98,28849785.07,28653030.81,28166667.02,29406834.69,33301860.4,36784133.73,39265452.25,40248351.24,42433880.51,43643104.1,47609135.55,60874310.13
North America,Mexico,Import,  All Products,Import (US$ Thousand),1434139.136,1482163.84,34018875.9,38143090.43,43505878.02,53607782.91,66646769.39,78535280.13,92187965.56,101249071.6,117491037.2,144065119.1,139165267.3,144148495.4,148404217.9,168220936.1,184440224.3,214634796.4,228930433.2,234927736.5,192856529.4,253718847.1,289931212.9,303125413.4,306461510.5,322929728.1,323596420.2,321245896.1,343087119.8,377603302.2,389205661.3,351204315.7,415359431.8
North America,Mozambique,Import,  All Products,Import (US$ Thousand),1554.058,2429.622,35333.255,25900.903,15185.359,16973.914,31164.917,29071.076,33250.185,28456.363,10968.607,24971.667,7324.921,9351.122,9363.486,11393.277,13817.524,18631.172,5898.421,20049.74,39952.664,67656.219,40005.116,43666.453,80712.756,103956.906,98479.87953,111779.8831,150515.0689,119555.5508,147924.7928,135510.7364,192200.8587
North America,Neutral Zone,Import,  All Products,Import (US$ Thousand),,,,,,,0.884,,,,,,,,,,,,,,,,,,,,,,,,,,
North America,Niger,Import,  All Products,Import (US$ Thousand),8508.02,5805.809,15196.269,10493.732,12371.58,6924.083,8190.104,11649.761,47901.781,4052.663,14184.659,8380.575,5550.114,1838.361,5101.91,29697.931,70115.686,127242.711,10614.066,45631.56,108558.683,27877.971,294553.931,82195.906,3428.91,5862.928,5709.186552,7665.73483,8528.272588,31015.14285,49100.53288,205352.2191,156007.5323
North America,Papua New Guinea,Import,  All Products,Import (US$ Thousand),431.372,92.462,37896.909,69876.911,108876.96,119238.704,55191.056,91778.251,70818.479,139437.081,163261.911,34840.705,44368.193,97220.798,72626.009,58692.866,64770.99,91233.455,117748.16,113745.646,109163.316,102936.699,147000.246,119614.226,130712.272,105504.945,96380.06161,96644.95354,129119.4679,97033.9448,79286.05086,95216.78116,83275.46712
North America,Peru,Import,  All Products,Import (US$ Thousand),75869.984,107736.848,882865.496,859480.968,849205.12,963861.872,1162898.931,1429770.816,1945859.661,2188170.728,2128641.904,2122034.732,2006173.535,2271370.617,2762162.35,4265096.053,6514607.361,8002930.293,7482153.048,8451086.119,6941538.776,9051413.594,11361049.79,10105343.26,11113440.16,9151831.499,7934069.273,8405892.046,9012475.646,9371184.631,9220183.169,8661650.614,10506628.75
North America,Poland,Import,  All Products,Import (US$ Thousand),75126.368,67639.52,441611.376,447340.212,534790.26,778304.992,798946.894,774364.584,850748.854,948738.248,992470.32,1225230.526,1143453.667,1379006.114,1684350.204,2242386.292,2516253.8,2899014.754,2917247.784,3520303.472,2805344.585,4068641.29,5984582.685,5717353.407,6102902.861,6781956.015,7227843.021,7590727.584,8832536.363,9918334.272,10414312.32,10404953.76,11949973.52
North America,Saint Helena,Import,  All Products,Import (US$ Thousand),66.926,351.856,369.846,305.736,827.624,48.097,50.48,2562.376,1073.355,242.108,258.087,3334.046,3368.667,4281.829,5885.091,5094.022,3453.785,1636.635,5621.667,10467.103,6250.057,7358.085,8691.471,6611.139,7984.764,9271.028,15616.56611,16453.49564,14830.17001,14857.4655,11518.58581,5386.290007,32756.06843
North America,Saudi Arabia,Import,  All Products,Import (US$ Thousand),213850.416,543842.304,12542455.07,11734655.65,8844479.52,8703566.4,9263548.395,9920098.048,10602782.01,7434101.088,9191823.616,14981449.46,13789251.49,14375890.35,20182025.42,23485692.45,30332416.34,34603527.33,38913346.61,59078588.6,24592153.66,34608355.89,51525336.3,58518412.14,54429607.78,50713618.9,24918613.87,19295939.06,21667469.29,27551442.82,16340864.59,10670217.7,15833619.48
North America,Sierra Leone,Import,  All Products,Import (US$ Thousand),13428.794,4653.536,64313.484,69717.828,55642.949,60344.662,33170.53,33651.575,25580.496,14014.893,13655.706,5833.081,6479.127,5645.042,9080.576,14115.455,11838.168,45530.089,71240.557,59141.02,32119.141,31482.365,31890.244,18797.679,42595.25,30518.404,42223.86595,32426.21824,35979.83738,75687.57228,34046.08308,35394.39534,19663.39898
North America,Solomon Islands,Import,  All Products,Import (US$ Thousand),23.174,44.582,337.328,1401.945,3865.481,1088.026,5122.244,2485.187,1240.962,3659.386,1273.734,485.756,2618.367,915.274,1347.674,3612.386,2356.828,2972.607,1765.904,1744.899,1107.499,1449.175,1763.849,1953.554,9221.701,10064.969,4142.175219,2617.687493,3807.460337,4434.92679,6105.843321,3605.905442,2341.903242
North America,Special Categories,Import,  All Products,Import (US$ Thousand),1444045.568,1472059.52,2084542.976,2274395.648,2460773.376,2631584.768,2822312.448,3077245.44,3245793.28,3285029.632,3721711.872,,,,,,,,,,,,,,,,,,,,,,
North America,St. Kitts and Nevis,Import,  All Products,Import (US$ Thousand),15.599,29.335,16395.969,23624.936,24744.003,23636.573,25644.609,25870.284,34353.157,35984.661,37196.284,39769.586,45049.547,54700.217,52399.02,49543.114,58393.99,60678.975,60474.054,61793.352,56833.466,60830.993,65962.098,66455.512,62692.634,63362.999,61678.78514,52948.92166,51930.75138,55949.04001,60774.0464,52796.42912,43516.35467
North America,Tuvalu,Import,  All Products,Import (US$ Thousand),,,1.889,13.018,4.95,1.687,,3.035,,2.076,,5.547,,,7.386,46.488,60.566,23.745,32.817,94.834,93.817,23.059,2.814,40.307,25.734,79.199,253.419,57.12,192.323,73.253,130.451,62.469,96.385
North America,Unspecified,Import,  All Products,Import (US$ Thousand),625.394,573.985,1822.969,1034.835,1119.649,2087.284,3390.675,2816.66,3723.24,4207.392,7942.948,,,,,,154.554,126.224,50.988,239.426,263.603,0.872,0.001,1937.238,0.001,,1468.705,,,3369056.974,0.37623,342.4468,
North America,Yemen,Import,  All Products,Import (US$ Thousand),,,202815.096,68727.26,115806.985,202134.016,44443.274,39116.854,39087.06,43292.798,20182.127,255684.933,202452.217,258320.162,72212.953,66816.598,302987.987,479617.751,313250.523,8750.906,7735.077,205734.198,616081.138,87229.417,65781.88,41845.409,49206.16237,2588.537075,10476.32896,2817.415069,5648.29405,4644.854928,11186.61272
North America,Bangladesh,Import,  All Products,Import (US$ Thousand),19574.072,31404.568,599649.27,934275.652,997672.988,1215000.808,1418861.916,1487350.084,1867902.865,2040865.992,2153277.472,2537452.084,2481616.107,2391284.124,2464540.86,2842784.894,3285990.097,3976064.515,4141778.574,4595345.602,4597367.803,5354578.027,6155618.267,6047974.037,6510604.312,6584122.414,7385394.905,7343770.247,7161147.391,7655968.719,8402505.479,7487111.517,10301347.96
North America,Bhutan,Import,  All Products,Import (US$ Thousand),28.658,0.808,21.775,70.61,89.216,45.708,144.915,110.311,1094.774,1132.665,463.42,831.462,953.827,976.177,537.462,246.8,680.897,1129.731,852.694,493.029,232.702,450.355,591.214,621.313,732.269,328.914,3887.665678,4289.765069,1617.716062,935.2047262,773.8261907,602.494362,400.628264
North America,Brazil,Import,  All Products,Import (US$ Thousand),954173.568,676498.24,7838601.92,8736669.632,8631835.52,10011250.82,10185180.67,10127761.6,11102888.19,11571059.65,12811144.58,14861964.12,15455385.69,17904534.29,20418313.96,24545333.96,28812513,31038159.28,30335014.62,34603464.7,23286631.93,28208199.42,36758856.74,36095337.13,31155424.22,34744094.04,31448272.82,29960292.47,34186968,36534735.03,36159351.87,29328073.88,38808306.07
North America,Croatia,Import,  All Products,Import (US$ Thousand),,,,45261.804,112533.144,123956.472,110362.947,84935.061,94322.094,85783.778,126502.992,153299.571,149351.911,161415.863,201287.165,319126.127,394061.427,384167.878,377055.466,329390.592,283778.611,417207.79,485739.746,477082.989,517581.402,529199.452,633450.6129,567294.0761,488705.2035,567264.3384,617437.5247,713658.7841,911012.8301
North America,Denmark,Import,  All Products,Import (US$ Thousand),214628.064,212726.944,1941086.032,1938434.592,1921434.624,2443954.592,2279363.404,2482924.944,2516338.762,2867913.152,3348053.44,3363479.653,3900224.476,4001889.882,4613657.368,4789662.979,6600877.375,6964783.981,7466476.617,8246424.342,7113349.533,7978217.718,8371949.532,7729975.013,7466787.516,8530879.543,8685224.207,8844093.771,8918177.81,10169539.47,12393110.79,12854928.15,13553203.07
North America,Falkland Island,Import,  All Products,Import (US$ Thousand),,,517.554,219.048,50.768,287.305,458.047,506.533,590.773,283.836,1648.407,3190.54,6859.795,6234.054,5556.727,6760.983,9513.204,12695.817,4953.308,7486.352,8636.827,5553.05,7356.952,11790.489,13995.384,20025.368,15078.05874,20813.24881,11873.80855,13885.03828,19416.10844,11834.08466,12703.79286
North America,"Hong Kong, China",Import,  All Products,Import (US$ Thousand),977655.68,907139.008,10621941.18,11204691.65,10925251.97,11014929.54,11700079.43,11099736.77,11592892.78,11781678.46,11876017.79,12423918.68,10439599.53,10406628.88,9899356.862,10335086.1,9759607.123,8735817.499,7818389.054,7146020.485,4004345.694,4774465.144,4847472.885,5727252.087,5937944.919,6246912.172,7188567.397,7770300.11,7828477.391,6697731.073,5096568.163,8441136.327,4575578.915
North America,Ireland,Import,  All Products,Import (US$ Thousand),141847.088,225122.896,2302130.08,2640873.984,2908566.592,3294915.872,4564026.697,5303779.488,6529240.577,9221781.056,11857954.62,17099922.76,19429388.01,23641585.19,27228651.48,28899278.83,30578554.17,31031683.83,32792124.74,33592425.5,30119400.55,35418316.27,40747809.86,34647154.45,32847204.84,35450944.62,40806913.1,47181006.03,50902767.62,59965250.74,64269487.17,68171282.68,76343838.8
North America,Jordan,Import,  All Products,Import (US$ Thousand),238.908,499.161,6819.928,19084.462,20190.305,31836.337,31559.536,27367.06,26638.343,17768.913,32280.066,75090.811,231604.712,440289.232,708919.303,1150501.106,1327140.741,1501590.594,1403140.192,1198473.694,968903.086,1027174.1,1109496.048,1177364.803,1242063.238,1489171.127,1586347.511,1661738.431,1806280.088,1940931.866,2333162.194,2005238.736,2924083.152
North America,Lithuania,Import,  All Products,Import (US$ Thousand),,,,5471.059,22284.937,22878.656,47361.53,47387.21,105727.216,102816.134,128406.176,171163.752,185894.05,335261.107,421712.826,645015.77,1106828.079,1021214.221,638645.743,1109231.927,755281.767,1055291.477,1702936.002,1361051.793,1737840.865,1346624.179,1298576.014,1523836.727,1736370.03,1481247.285,1347781.744,1542983.804,2442419.693
North America,Madagascar,Import,  All Products,Import (US$ Thousand),1463.419,1675.03,50438.754,61571.129,50103.283,67305.009,70498.064,52268.405,70300.823,79670.095,89539.921,161247.701,275656.802,228774.379,414588.745,515844.588,353896.083,312323.849,374708.726,361267.738,303047.995,162165.85,154996.169,195967.005,274009.582,303740.479,387449.9157,512880.5388,830371.6717,1008168.042,953629.3554,714019.7519,844794.4044
North America,Martinique,Import,  All Products,Import (US$ Thousand),14.855,47.732,938.511,1442.001,1307.218,3675.042,2138.819,,,,,,,,,,,,,,,,,,,,,,,,,,
North America,Mayotte,Import,  All Products,Import (US$ Thousand),,,,,,,,,,,,,3.614,2.682,,,,16.459,312.151,16.909,52.814,64.986,19.997,23.726,16.629,,,,,,,,
North America,Netherlands,Import,  All Products,Import (US$ Thousand),694187.392,617736.064,5573369.408,6027774.976,6238827.872,6987497.664,7501762.291,7691797.824,8450569.176,8794044.16,9700727.616,10522928.71,10413328.97,11227043.32,12630931.56,14205673.73,16772191.31,19477023.77,20796208.6,23871576.35,18226625.37,22268843.5,27545981.25,25812910.28,22498585.91,24917601.61,20334809.62,19448844.29,21556038.7,28772575.77,34409834.01,30616383.51,39375349.63
North America,Pacific Islands,Import,  All Products,Import (US$ Thousand),,,10518.022,,,,,,,,,,,,,,,,,,,,,,,,,,,,,,
North America,Palau,Import,  All Products,Import (US$ Thousand),,,,352.121,1231.862,3164.605,6268.643,9664.977,13759.839,14402.958,16883.944,13562.808,15425.811,16597.824,1836.838,198.953,788.924,992.817,665.579,1147.269,85.617,151.22,217.325,451.316,177.694,595.224,632.68,1320.267,650.892,1433.362,1680.61299,510.215,581.67499
North America,Romania,Import,  All Products,Import (US$ Thousand),86251.784,74844.736,98505.972,120783.176,108282.802,265024.956,284222.935,304725.492,478218.631,501897.608,532106.504,541413.018,579522.115,825632.491,886302.607,1049980.749,1482939.539,1377250.373,1276099.287,1320153.316,878783.191,1268688.324,1830693.492,1894305.729,1980746.144,2573439.683,2453684.325,2433412.816,2701224.732,3092403.491,2824307.186,2534165.05,3572012.689
North America,Armenia,Import,  All Products,Import (US$ Thousand),,,,1444.995,783.662,1073.891,18418.114,1583.399,6368.318,17832.509,16640.317,23864.462,34109.071,33324.405,40078.478,49153.07,48660.715,49969.041,35790.142,50011.923,109060.045,107841.455,164794.585,168592.03,187699.099,194570.474,177722.8041,186414.8434,90968.27797,74472.12399,130892.5219,82959.12168,98868.86284
North America,Austria,Import,  All Products,Import (US$ Thousand),318308.544,348294.592,1559796.32,1595723.184,1726855.904,2145238.656,2425257.809,2714407.488,2882713.925,3062588.192,3411867.072,3709850.423,4531236.825,4572514.081,5339042.573,6939585.239,7338928.512,9742696.33,12216793.74,9859972.083,7201550.225,8060236.039,10816106.49,10657516.88,11038027.5,12413886.12,12832723.2,12390832.1,13423741.3,15335554.77,15166732.74,13200685.23,17085131.83
North America,Bahrain,Import,  All Products,Import (US$ Thousand),6098.896,7764.255,102146.918,73860.274,110771.316,166478.448,146694.81,125479.577,128065.516,173707.872,244819.631,342719.898,431697.424,427294.863,409428.601,436372.233,461200.186,743612.3,662671.22,573868.593,506921.654,449009.09,551796.532,779743.556,688867.332,1042015.145,984526.3172,829263.751,1043410.728,1053603.818,1112557.814,692613.7926,1284390.305
North America,Barbados,Import,  All Products,Import (US$ Thousand),8544.124,13057.35,44156.55,36542.561,42529.497,46344.251,51608.744,53851.094,53672.057,44405.049,67251.774,43602.927,45435.911,40565.657,49657.225,44824.893,40122.261,48119.514,48095.796,50723.275,41975.543,54250.171,55611.361,80634.399,73921.218,65795.226,80019.0548,61043.95896,62085.02126,69512.27491,54970.5292,61984.3731,61576.88012
North America,Belgium,Import,  All Products,Import (US$ Thousand),,,,,,,,,,,10050606.59,10587306.2,10811674.89,10925910.7,11232248.63,13851617.93,14886082.06,16518497.97,17860158.81,19842657.81,15270220.38,17512689.27,19488910.41,19090379.93,20779429.86,23256193.5,21717716.23,19122325.99,17867735.61,21312758.25,24454453.64,24629406.14,25420444.5
North America,Bonaire,Import,  All Products,Import (US$ Thousand),,,,,,,,,,,,,,,,,,,,,,,,,,15279.299,0.263688124,6.82138286,20.21989365,26.16414792,12.94189073,11.821175,5.684769
North America,Brunei,Import,  All Products,Import (US$ Thousand),47.34,122.985,28727.11,31010.446,38477.17,47359.707,42772.217,50729.495,58074.063,224414.5,417745.594,384863.044,401107.384,309908.091,449153.657,431169.029,592404.137,576596.264,420510.917,119427.978,44363.29,13298.917,34100.072,92978.415,23565.12,39355.669,23527.71509,15560.75283,27587.29208,107997.8735,44317.30494,91681.21908,20966.52904
North America,China,Import,  All Products,Import (US$ Thousand),998343.424,1192272.512,21893483.78,29476624.26,36066200.06,44172344.58,51887106.57,58014065.66,70390703.6,80257327.62,93779136,107607013.7,110485894,143712361.7,176602498.6,229049181.9,284207428.7,336226893.9,375935997.5,396464263.3,344407968.2,426214302.9,466001886.4,476331531.6,491572982.7,539378357.8,555421385.4,529910279,580444501.8,621554875.3,529031208.8,514322694.9,610112962.7
North America,Colombia,Import,  All Products,Import (US$ Thousand),132841.576,113230.68,3089738.424,3172062.64,3403260.576,3595392.944,4263201.856,4742847.072,5251721.841,5168634.944,6798720.704,7191660.755,5978619.78,6183967.516,7056918.818,8053514.227,9910764.857,10391703.88,10472050.88,14434315.63,12520613.23,16926506.45,24528322.71,25287094.72,22297784.54,19664767.25,15343258.5,15029656.58,14884061.19,15111425.31,15331777.71,11943332.21,14769733.93
North America,Czechoslovakia,Import,  All Products,Import (US$ Thousand),58802.04,59994.328,212705.392,306394.428,,,,,,,,,,,,,,,,,,,,,,,,,,,,,
North America,Eritrea,Import,  All Products,Import (US$ Thousand),,,,,,,388.54,1775.606,1425.833,764.801,499.276,196.134,91.81,460.893,286.671,497.162,1372.287,992.141,470.49,172.408,644.097,370.146,324680.543,373254.076,155695.709,129.62,15307.94504,10673.11856,294.4935642,483.0436932,186.6316976,319.226961,499.199134
North America,Fiji,Import,  All Products,Import (US$ Thousand),12933.742,9722.44,62759.756,89623.81,93133.73,125342.058,107350.138,91112.933,96391.341,114358.12,115502.602,148072.448,184166.118,174242.789,188498.798,231782.681,193517.347,180114.649,197615.762,204243.795,173141.5,213154.801,164803.953,192903.763,177839.321,223841.84,249270.3396,251558.5105,280070.224,281691.3184,304164.2815,271989.1408,308864.4892
North America,Germany,Import,  All Products,Import (US$ Thousand),3156421.12,3302260.736,30147566.34,32519143.68,32176971.78,35904901.89,41542088.38,43528078.85,48100078.62,55409342.21,61282117.63,63745074.12,64242238.25,69192043.12,75863924.18,86396315.23,95359129.23,101076495.2,107396353.3,111745491.5,82162234.97,95097143.65,113604292.7,123535650.3,129303323.1,139975689.6,140744194.7,129261611.9,133829968.9,143088838.2,144437867,130278496.1,153351858.5
North America,Ghana,Import,  All Products,Import (US$ Thousand),4259.721,4545.952,168254.842,106682.034,228089.513,210125.663,211847.966,180596.246,169102.944,164483.066,227193.281,215177.223,201010.364,154948.958,128326.771,183540.181,197460.407,256880.881,232212.735,273498.286,168477.566,302953.355,857236.48,311780.658,388043.734,306846.372,364893.5324,386129.8304,832962.0904,672838.0222,1062469.427,838069.1359,1860849.334
North America,Guam,Import,  All Products,Import (US$ Thousand),,,,,,,,,,,,575.075,631.974,839.867,645.621,375.351,116.151,55.466,201.743,722.936,237.352,109.519,182.939,143.571,556.25,159.281,200.4860968,50.15904678,129.1072688,161.6514415,130.6300428,108.977158,54.169041
North America,Indonesia,Import,  All Products,Import (US$ Thousand),162205.872,173220.336,3763408.88,5240748.608,6227811.712,7403235.104,8390470.479,9202609.856,10326850.52,10594668.1,10854626.5,10966750.99,10724988.81,10999338.72,10929539.71,12396596.83,13734130.92,15178043.74,16137545.37,17729360.66,14539298.07,18623363.57,21436093.16,19317877.96,20209283.4,21689543.87,21964742.41,21350548.2,22483708.95,23191913.78,22556576.75,22487231.47,30532222.47
North America,Iraq,Import,  All Products,Import (US$ Thousand),52216.336,96588.792,6591.882,49.374,,11.392,52.556,,412762.512,1415978.916,4626303.328,6526540.094,6384895.699,4446707.742,5729794.937,10051164.86,10669728.69,13703311.53,13311448.14,25206203.47,10843964.99,14482777.88,19859389.36,23203686.8,16421284.05,15834044.93,4568689.825,6320409.921,11213703.41,12125839.76,7240486.25,3266957.319,3886280.194
North America,Mauritius,Import,  All Products,Import (US$ Thousand),6427.712,6031.311,147005.868,158071.151,217517.049,242211.353,259322.933,243684.144,265002.173,303125.33,289455.674,298947.294,288777.53,310137.914,324118.161,292943.692,238199.837,235024.99,207179.471,190738.355,185301.31,215696.255,271743.197,273287.486,352615.016,425750.018,424507.8933,361151.4836,309190.1155,347667.7777,369295.1561,259524.1424,281996.4078
North America,Occ.Pal.Terr,Import,  All Products,Import (US$ Thousand),,,,,,,,,,,,4819.513,6172.32,9072.234,1544.268,1065.4,3391.87,4336.37,3866.611,5160.128,7380.861,7328.284,8674.473,5097.932,5304.916,5113.932,5817.686,6982.066,6828.9705,5468.91194,4997.16506,5928.61215,7541.66565
North America,"Other Asia, nes",Import,  All Products,Import (US$ Thousand),1985561.216,1807134.464,26146956.8,27850935.17,28329775.36,29980957.18,32192489.56,33114345.47,36228179.24,37061372.42,39854147.33,43850136.29,36224796.7,36171959.44,35707711.28,39242399.01,39588921.08,43222861.71,43497106.7,41491750.64,32299445.09,41017809.95,47712384.25,43448168.3,42519973.77,46198431.74,46727734.34,44428590.53,48105384.46,51800331.69,60451119.69,66656321.08,86982547.55
North America,Qatar,Import,  All Products,Import (US$ Thousand),,912.436,35202.625,78283.141,72354.747,86638.962,98823.74,163466.665,195262.296,244012.431,303001.363,492225.662,511412.16,536411.599,378147.62,457442.584,528651.17,331906.385,518541.801,521639.859,582770.423,587670.539,1641771.948,1182641.9,1478832.852,1834035.972,1423863.137,1216139.529,1249960.742,1688049.948,1798615.445,1279789.949,2005839.687
North America,Russian Federation,Import,  All Products,Import (US$ Thousand),,,,932085.936,2179120.416,3698273.952,4632217.246,4073826.784,4971571.281,6501966.848,6425579.296,8107953.375,6497307.901,7449415.787,9684488.575,13684788.99,17604029.9,22309773.75,21603657.48,29734493.4,20342898.45,28134657.34,36856578.69,30359626.55,27925276.48,25131917.61,17974766,15995371.41,18638241.39,22747165.21,24587911.93,18603805.05,32470350.78
North America,Soviet Union,Import,  All Products,Import (US$ Thousand),98875.2,181056.72,1104054.368,,,,,,,,,,,,,,,,,,,,,,,,,,,,,,
North America,Suriname,Import,  All Products,Import (US$ Thousand),105.959,277.704,56065.142,49736.599,61446.774,46338.682,105087.359,120824.136,114834.332,171594.696,185361.16,173304.645,177807.425,169197.158,148482.163,257132.519,323417.223,362497.819,521824.475,705353.169,619065.945,789283.113,602551.305,409492.752,422937.918,605692.307,256887.4364,80820.96897,81770.2414,101553.3816,103827.2438,196194.1162,79183.13447
North America,Togo,Import,  All Products,Import (US$ Thousand),35057.164,30267.61,30182.672,36401.647,28616.171,28579.928,64976.944,38347.26,50030.071,50556.402,28047.517,6642.085,12762.223,3555.333,6808.692,2308.289,7680.791,5501.404,7956.678,18451.258,10808.932,12582.333,44735.346,52576.914,9310.138,12085.443,34055.34859,31109.39372,26414.25798,25749.36891,14891.25096,22856.15704,30605.79843
North America,Trinidad and Tobago,Import,  All Products,Import (US$ Thousand),18789.448,21214.538,965829.788,953266.4,890643.178,1211095.804,1068504.996,1139809.832,1253092.272,1094191.528,1474340.14,2277505.337,2506052.241,2774187.531,4889481.81,6372074.228,8551712.974,9095993.876,9730771.418,9796340.219,5902848.112,7461432.99,8902479.44,8405689.363,6677968.484,6798351.282,4856126.938,3312851.79,3670263.809,4137425.63,3838343.53,2840144.973,4716992.002
North America,Turkey,Import,  All Products,Import (US$ Thousand),68990.952,72318.584,1132011.664,1238932.892,1342464.184,1780785.424,2035045.233,1994648.936,2385099.607,2845801.664,2930448.704,3238478.132,3258397.106,4016405.372,4396145.859,5789645.516,6117474.675,6326140.34,5422456.691,5612310.345,4413474.197,5118583.882,6598641.244,7774698.648,7949985.516,9039517.093,9366504.038,9526347.745,11253897.6,12702649.32,12786868.19,13141317.13,19285602.38
North America,Uzbekistan,Import,  All Products,Import (US$ Thousand),,,,768.776,7460.842,14066.267,23779.948,178800.204,49056.871,43531.159,33708.313,53326.097,80654.674,86541.17,94854.535,118237.545,144234.773,153649.339,196694.27,294304.177,100285.411,70114.229,53385.218,26532.796,27105.268,15589.786,10486.74239,31386.43765,15181.68245,19555.26381,36319.87432,188198.5823,391464.7409
North America,Yemen Democratic,Import,  All Products,Import (US$ Thousand),541.521,12990.296,,,,,,,,,,,,,,,,,,,,,,,,,,,,,,,
North America,"Yugoslavia,FR(Serbia/Montenegr",Import,  All Products,Import (US$ Thousand),79117.784,80254.208,782327.768,,,,,,,,,,,,,,,,,,,,,,,,,,,,,,
North America,South Sudan,Import,  All Products,Import (US$ Thousand),,,,,,,,,,,,,,,,,,,,,,,,9.869,201.285,75.235,200.4054145,262.3232539,294.6768889,68.6346164,70380.0158,118.592502,99.812346
North America,Sri Lanka,Import,  All Products,Import (US$ Thousand),28600.372,36079.504,690371.328,891224.888,1110849.008,1222396.816,1398733.789,1529251.632,1771315.015,1921569.664,1919572.96,2094151.39,2061065.34,1994523.819,2000472.554,2167541.999,2305122.926,2382417.753,2282767.591,2183319.003,1769429.956,1956478.671,2346437.745,2446947.52,2651380.914,3031409.107,3290893.809,3168968.314,3264798.845,3091568.807,3189835.78,2831102.833,3415213.639
North America,St. Lucia,Import,  All Products,Import (US$ Thousand),364.818,8267.612,23426.728,30231.646,33321.3,28200.815,37360.951,24283.951,36120.397,24071.134,29066.071,23212.156,29065.432,20530.628,13860.3,15120.574,33961.424,32499.631,36031.014,27466.434,20973.051,19070.933,19537.965,15456.316,16835.41,23820.229,30566.46812,15880.52335,39826.19401,26857.71964,14539.82324,11726.6973,12029.38595
North America,Switzerland,Import,  All Products,Import (US$ Thousand),506194.592,553692.288,6265888.832,6308886.272,6700148.192,7164249.792,8538758.708,8711630.208,9320760.083,9885481.088,10908253.12,11375770.26,10793536.28,10739098.71,12110146.64,13350738.24,15231188.85,16646628.32,17395904.33,21215470.04,19314848.55,22368297.06,28015315.09,29555199.87,32371817.73,35285066.26,35517282.87,40238222.35,39907771.43,45229912.48,49184587.69,79920717.25,68076899.49
North America,Tajikistan,Import,  All Products,Import (US$ Thousand),,,,1788.497,19641.239,63773.415,42186.023,34436.544,9258.868,37248.797,27568.644,9122.52,5222.748,1515.831,7729.713,7619.315,248922.25,62256.78,402.478,8439.56,9022.737,1548.371,12545.795,26916.679,679.979,3663.517,34192.07877,837.6338835,1170.604118,1597.050608,2511.562339,949.156296,1151.485841
North America,Tonga,Import,  All Products,Import (US$ Thousand),,,5342.056,7794.013,4860.591,6262.115,6742.397,4321.3,3492.826,6728.318,5611.807,4949.408,7683.346,11452.624,15219.318,6765.743,7054.737,9500.57,7639.238,5724.087,3868.236,2378.798,2225.648,2300.057,1750.73,3439.494,3447.132085,4589.097739,4697.897194,4007.313517,6277.251522,3848.238687,4044.381979
North America,United States Minor Outlying I,Import,  All Products,Import (US$ Thousand),,,,,,,,,,,,8543.58,10762.086,7504.458,8428.604,14346.361,11741.321,8939.031,8782.147,5179.699,4447.273,3675.883,3375.668,4785.297,6304.465,5378.634,3820.342398,2742.012607,3353.108151,3204.574113,25227.27401,1579.093324,1880.18143
North America,Wallis and Futura Isl.,Import,  All Products,Import (US$ Thousand),,,,13.556,4.376,,60.628,,,3.437,34.964,2.836,3.014,,10.255,1.516,26.96,47.978,82.545,4.258,38.545,29.102,11.168,44.846,316.741,41.339,121.3268455,535.159646,64.07376772,38.4456143,60.85273242,799.692483,117.076115
North America,Saint Barthélemy,Import,  All Products,Import (US$ Thousand),,,,,,,,,,,,,,,,,,,,,,,,,,,,,,,5.798678506,8.192953,79.650562
North America,Saint Maarten (Dutch part),Import,  All Products,Import (US$ Thousand),,,,,,,,,,,,,,,,,,,,,,,23954.513,54968.225,60003.951,49899.066,52357.57654,92993.32272,71449.80544,96188.18401,130438.5123,46986.30829,49421.44284
North America,San Marino,Import,  All Products,Import (US$ Thousand),,,,,,,,,,,,7361.241,2487.269,1402.063,10050.084,1729.568,1452.517,3185.05,1549.951,858.804,707.961,4495.964,5620.069,4883.689,6123.053,7732.337,9983.805,6415.759,5076.284,12142.26,12256.831,12657.63088,14178.96772
North America,Somalia,Import,  All Products,Import (US$ Thousand),48.379,,2833.604,2491.981,275.758,234.433,126.72,239.315,420.754,654.979,248.872,498.765,301.65,555.903,275.791,772.487,471.223,367.246,230.892,255.079,278.441,108.7,253.537,367.615,408.637,256.135,1111.014036,1237.122972,1248.731399,1940.504435,1836.023777,842.249191,1532.838982
North America,Sudan,Import,  All Products,Import (US$ Thousand),,,,,,,,,,,,,,,,,,,,,,,,112936.775,81063.061,77510.908,33650.2335,15670.51269,14125.60903,16958.47535,23113.69079,86297.44758,19533.75356
North America,Tokelau,Import,  All Products,Import (US$ Thousand),365.198,332.302,4593.432,1585.352,5975.213,4759.558,7728.35,4899.267,5227.577,6944.467,8475.027,6112.411,9989.682,2888.992,6814.41,4523.368,11339.116,5383.367,8579.749,5842.509,17158.901,3751.169,7052.869,5242.736,1621.209,826.79,2025.751,2113.645,2135.53,9877.689,2124.565,2626.50189,336.006
North America,Tunisia,Import,  All Products,Import (US$ Thousand),1678.774,2379.225,35863.79,52688.793,44540.887,60776.919,79091.43,83846.725,73703.513,70477.856,85156.538,100871.226,129419.222,109135.691,123165.904,243101.123,304276.203,582778.625,525062.299,711056.51,378418.284,467210.818,419021.755,789119.956,1059642.599,605129.536,630382.628,472483.3485,553191.2635,765544.0929,591809.7535,705485.4011,886167.9217
North America,Turks and Caicos Isl.,Import,  All Products,Import (US$ Thousand),,,4309.018,6170.554,4300.217,4638.501,5232.498,5408.048,5709.774,5333.293,7734.869,7052.578,8754.746,6754.826,12094.88,12847.36,15829.527,18323.259,18014.921,12319.226,11195.042,12358.928,9885.124,9656.453,10804.189,9031.404,15695.7152,12794.88196,8815.86982,9527.005086,5980.692934,5052.195118,5630.192449
North America,Uganda,Import,  All Products,Import (US$ Thousand),5515.072,4385.327,22147.956,16028.812,15224.839,39819.352,19957.015,26302.002,46747.319,20984.969,23996.136,30255.595,18913.844,17668.162,41677.118,33524.032,31264.579,26761.489,30579.583,56536.626,34959.337,64197.084,51836.852,37709.706,51617.554,52500.363,73945.5244,60504.52359,93273.18225,80427.29587,98395.90177,97786.28741,111099.0063
North America,Vietnam,Import,  All Products,Import (US$ Thousand),12652.11,13483.892,11318.947,13671.981,20805.458,79829.84,265457.936,413473.56,520608.536,718579.488,785815.048,963521.45,1205987.699,2765893.871,5150299.757,6072699.04,7668723.491,9841277.327,12134496.49,14752293.61,13965270.29,17028597.36,19803817.02,21887497.03,26735071.4,34573201.51,42894845.78,47489143.03,52341031.02,55440239.19,74655035.93,89306817.6,116043340.8
North America,Western Sahara,Import,  All Products,Import (US$ Thousand),,,,336.089,14.5,1394.028,,9.38,17.522,18.602,30.184,0.003,0.043,20.389,3.117,2.348,0.504,0.494,52.584,11.468,1.001,0.038,17.909,114.751,710.72,133.001,82.09685789,107.6814509,31.81911838,118.9451782,290.1908059,19.002,23.125077
North America,Zimbabwe,Import,  All Products,Import (US$ Thousand),5419.822,18808.426,99520.39,117577.501,124869.122,136447.108,112182.625,153205.173,160688.672,148199.574,155391.051,119416.924,93685.847,114871.108,66665.66,83253.62,100055.253,111996.866,78054.374,117937.84,26218.245,64175.907,59305.906,54599.835,21217.476,68889.334,70755.90783,26220.93212,60555.49044,83019.51146,55378.73717,44332.47656,52011.57392
North America,Lao PDR,Import,  All Products,Import (US$ Thousand),215.587,932.916,2722.22,8845.231,10189.506,10223.312,13069.771,18314.819,20833.723,23123.365,15262.48,11138.366,5716.899,4897.193,8802.149,10338.808,10273.97,14225.249,27325.952,49052.475,51738.396,69735.49,67009.638,35022.267,41363.108,49533.784,66270.91,76840.68251,122999.5295,196811.5574,188244.4356,129707.6675,252471.4006
North America,Latvia,Import,  All Products,Import (US$ Thousand),,,,11052.192,26865.088,57617.053,100310.587,111148.004,164280.81,128039.159,250576.185,306780.991,156179.264,218163.082,411122.102,403128.515,397790.158,330036.943,367473.011,272580.387,167007.366,216256.171,402724.308,266451.057,294091.498,327869.868,351867.3479,377909.1564,501782.6206,783346.0866,873208.0079,593091.5157,796293.0241
North America,Maldives,Import,  All Products,Import (US$ Thousand),569.572,549.594,24989.333,30284.946,25798.288,13709.443,12988.909,12698.412,21307.39,38913.673,61050.823,99718.2,107102.938,123226.376,103266.218,88930.423,6082.85,2731.533,4166.614,4237.962,3129.052,1880.87,3829.265,18500.252,20775.226,35039.179,35536.73328,33556.55339,34981.9201,37121.15601,35299.89659,18720.03767,17463.61409
North America,Marshall Islands,Import,  All Products,Import (US$ Thousand),,,,8368.656,12167.263,8920.812,14133.561,5260.123,18908.704,6229.449,10124.586,5047.41,5534.65,10326.196,27856.735,13790.196,19963.097,16593.043,13619.638,22810.369,17351.25,15150.55,17905.048,18944.809,16965.963,17776.406,32281.701,42216.459,37527.697,23432.782,12240.187,32599.954,18092.95
North America,Namibia,Import,  All Products,Import (US$ Thousand),,,,,,,,,,,,84652.473,37543.172,71638.198,140364.407,282248.292,179728.766,231665.072,349482.459,533924.627,547663.078,423244.182,672516.488,427053.865,418075.799,336109.874,185750.2862,138439.5885,192819.4185,138589.0636,230710.186,193332.2319,192330.9655
North America,New Zealand,Import,  All Products,Import (US$ Thousand),183121.52,183095.376,1491739.424,1504023.616,1522204.784,1780290.976,1813774.081,1844436.016,2000881.119,2060809.904,2166291.616,2429803.503,2537572.672,2823394.049,2987685.349,3592346.773,3832578.528,3762530.184,3794345.184,3808457.187,3122021.212,3373067.095,3910132.9,3973885.344,3987738.779,4716189.441,5017759.199,4717964.674,4893017.26,4945126.016,4874805.554,4985932.522,5770949.118
North America,Nicaragua,Import,  All Products,Import (US$ Thousand),62753.8,54232.252,105912.908,101881.896,149062.252,185585.159,259267.33,374904.413,466454.045,486487.648,527522.923,628057.654,631772.284,736234.777,830985.59,1077487.658,1271161.168,1640694.333,1745940.858,1861679.658,1741808.994,2304843.428,3019933.858,3148019.688,3196380.691,3497410.29,3397877.797,3472773.205,3441259.934,3780340.958,4105849.037,3752484.725,4900235.37
North America,Niue,Import,  All Products,Import (US$ Thousand),,141.771,23.514,47.566,123.774,,84.044,407.751,176.194,5742.185,73.186,26.008,36.339,33.599,122.591,277.593,201.341,286.076,543.978,110.183,51.416,64.84,80.158,164.397,202.831,250.742,430.7707044,1001.917243,274.8303293,403.2339468,402.6988448,568.811259,346.6125
North America,Oman,Import,  All Products,Import (US$ Thousand),132.151,244.892,134145.475,207779.422,304953.632,497121.824,321388.518,447788.88,261385.749,230808.672,231513.325,261313.947,421841.747,424500,753282.731,455025.98,599169.431,965715.219,1090371.063,900227.531,971959.686,830338.732,2307526.93,1385142.563,1030324.429,1090991.605,1013599.871,1217027.371,1155507.211,1378290.486,1268171.515,924469.3042,2045219.168
North America,Pitcairn,Import,  All Products,Import (US$ Thousand),,1.479,396.759,102.682,35.425,1809.893,4045.973,6103.125,4268.933,677.61,6173.198,616.616,236.987,185.127,526.477,731.037,1084.638,117.591,102.356,649.532,63.38,36.225,60.309,29.86,455.268,134.886,31.72071103,86.60961572,172.7526758,284.4440447,496.2746721,232.662752,108.138125
North America,Saint Pierre and Miquelon,Import,  All Products,Import (US$ Thousand),808.848,242.649,6656.083,2149.958,63.875,530.861,3616.316,1085.301,2400.538,5884.262,5358.98,6297.469,3761.607,4080.735,3221.95,1638.774,1117.05,1293.261,2432.072,1493.386,1067.929,3336.366,2167.44,2843.187,2591.377,1790.179,1886.318793,1649.202,2087.882578,4963.215993,6211.0995,4735.742951,7633.958879
North America,"Serbia, FR(Serbia/Montenegro)",Import,  All Products,Import (US$ Thousand),,,,380187.276,44279.246,58018,204.984,10907.995,18518.067,17585.643,6517.924,2218.753,6052.284,15801.178,21392.325,105164.281,70895.944,83319.58,73678.766,86370.443,73657.181,180692.186,153388.666,159855.023,580693.747,361635.149,344131.6019,370592.51,362262.193,390094.9821,406456.9405,526677.7895,768729.1946
North America,Seychelles,Import,  All Products,Import (US$ Thousand),129.792,57.343,958.813,1482.436,4594.568,2921.892,2906.36,3206.151,3640.775,2416.727,5472.028,8255.633,23808.527,27558.203,15278.321,9181.215,8555.797,13829.904,14131.25,6810.423,7026.718,6895.793,6997.091,7586.25,7914.716,5736.107,9704.508099,7236.635738,14744.19621,9077.068868,11454.61824,9601.924481,13776.56447
North America,Slovak Republic,Import,  All Products,Import (US$ Thousand),,,,,69031.392,165703.356,158871.396,148433.127,215843.436,222957.556,204463.488,263994.157,263541.243,313201.301,1131259.757,1326281.37,1094620.603,1541661.148,1762111.063,1507291.849,786873.312,1289830.436,1691504.36,2068319.347,2060256.884,2426499.718,2638967.236,2951184.438,3550721.763,4813438.529,5762350.461,5591794.356,5775012.352
North America,Spain,Import,  All Products,Import (US$ Thousand),477800.96,425004.672,3431174.336,3547034.496,3592348.608,4276841.024,4676592.987,5067253.28,5479885.422,5674344.448,5981470.144,6347271.686,5767723.978,6771814.621,7957536.395,8776261.24,10117547.36,11640963.51,12259116.64,13193770.6,9361140.418,10328051.69,13228079.1,13517223.19,13301251.56,16898144.83,16516534.76,15743858.1,18444884.03,20104732.14,20132607.09,18232573.69,22492777.42
North America,United Kingdom,Import,  All Products,Import (US$ Thousand),3855062.784,4153384.448,22571197.18,24063200,25794184.7,29478364.16,31685997.53,34603512.32,38198798.51,39882756.61,46216758.78,52081607.07,48917722.28,47892640.14,50467010.35,54965305.18,60972407.58,64244455.32,68828539.25,71605930.74,56554560.52,61115874.73,62613112.07,63543329.3,60966332.21,63671113.41,66118111.67,61408983.7,61075069.89,68894662.1,71127773.55,56719794.52,63279662.86
